Nombres,links
Aardonyx,https://prehistoria.fandom.com/es/wiki/Aardonyx
Abdarainurus,https://prehistoria.fandom.com/es/wiki/Abdarainurus
Abelisauridae,https://prehistoria.fandom.com/es/wiki/Abelisauridae
Abelisaurinae,https://prehistoria.fandom.com/es/wiki/Abelisaurinae
Abelisauroidea,https://prehistoria.fandom.com/es/wiki/Abelisauroidea
Abelisaurus,https://prehistoria.fandom.com/es/wiki/Abelisaurus
Abrictosaurus,https://prehistoria.fandom.com/es/wiki/Abrictosaurus
Abrosaurus,https://prehistoria.fandom.com/es/wiki/Abrosaurus
Abydosaurus mcintoshi,https://prehistoria.fandom.com/es/wiki/Abydosaurus_mcintoshi
Acantholipan gonzalezi,https://prehistoria.fandom.com/es/wiki/Acantholipan_gonzalezi
Acanthopholis,https://prehistoria.fandom.com/es/wiki/Acanthopholis
Achelousaurus,https://prehistoria.fandom.com/es/wiki/Achelousaurus
Acheroraptor temertyorum,https://prehistoria.fandom.com/es/wiki/Acheroraptor_temertyorum
Achillesaurus,https://prehistoria.fandom.com/es/wiki/Achillesaurus
Achillobator,https://prehistoria.fandom.com/es/wiki/Achillobator
Acristavus,https://prehistoria.fandom.com/es/wiki/Acristavus
Acrocanthosaurus,https://prehistoria.fandom.com/es/wiki/Acrocanthosaurus
Acrotholus,https://prehistoria.fandom.com/es/wiki/Acrotholus
Adamantisaurus,https://prehistoria.fandom.com/es/wiki/Adamantisaurus
Adasaurus,https://prehistoria.fandom.com/es/wiki/Adasaurus
Adeopapposaurus,https://prehistoria.fandom.com/es/wiki/Adeopapposaurus
Adratiklit,https://prehistoria.fandom.com/es/wiki/Adratiklit
Adynomosaurus,https://prehistoria.fandom.com/es/wiki/Adynomosaurus
Aegyptosaurus,https://prehistoria.fandom.com/es/wiki/Aegyptosaurus
Aelosaurus,https://prehistoria.fandom.com/es/wiki/Aelosaurus
Aeolosaurus,https://prehistoria.fandom.com/es/wiki/Aeolosaurus
Aepisaurus,https://prehistoria.fandom.com/es/wiki/Aepisaurus
Aerosteon,https://prehistoria.fandom.com/es/wiki/Aerosteon
Afrovenator abakensis,https://prehistoria.fandom.com/es/wiki/Afrovenator_abakensis
Agathaumas,https://prehistoria.fandom.com/es/wiki/Agathaumas
Agilisaurus,https://prehistoria.fandom.com/es/wiki/Agilisaurus
Agnosphitys,https://prehistoria.fandom.com/es/wiki/Agnosphitys
Agrosaurus,https://prehistoria.fandom.com/es/wiki/Agrosaurus
Agujaceratops,https://prehistoria.fandom.com/es/wiki/Agujaceratops
Agustinia,https://prehistoria.fandom.com/es/wiki/Agustinia
Ahshislepelta,https://prehistoria.fandom.com/es/wiki/Ahshislepelta
Ajancingenia,https://prehistoria.fandom.com/es/wiki/Ajancingenia
Ajkaceratops,https://prehistoria.fandom.com/es/wiki/Ajkaceratops
Ajnabia,https://prehistoria.fandom.com/es/wiki/Ajnabia
Alamosaurus,https://prehistoria.fandom.com/es/wiki/Alamosaurus
Alaskacephale,https://prehistoria.fandom.com/es/wiki/Alaskacephale
Albalophosaurus,https://prehistoria.fandom.com/es/wiki/Albalophosaurus
Albertaceratops,https://prehistoria.fandom.com/es/wiki/Albertaceratops
Albertadromeus,https://prehistoria.fandom.com/es/wiki/Albertadromeus
Albertavenator,https://prehistoria.fandom.com/es/wiki/Albertavenator
Albertonykus,https://prehistoria.fandom.com/es/wiki/Albertonykus
Albertosaurinae,https://prehistoria.fandom.com/es/wiki/Albertosaurinae
Albertosaurus,https://prehistoria.fandom.com/es/wiki/Albertosaurus
Albinykus,https://prehistoria.fandom.com/es/wiki/Albinykus
Alcovasaurus,https://prehistoria.fandom.com/es/wiki/Alcovasaurus
Alectrosaurus,https://prehistoria.fandom.com/es/wiki/Alectrosaurus
Aletopelta,https://prehistoria.fandom.com/es/wiki/Aletopelta
Algoasaurus bauri,https://prehistoria.fandom.com/es/wiki/Algoasaurus_bauri
Alioramus,https://prehistoria.fandom.com/es/wiki/Alioramus
Aliwalia,https://prehistoria.fandom.com/es/wiki/Aliwalia
Allosauridae,https://prehistoria.fandom.com/es/wiki/Allosauridae
Allosauroidea,https://prehistoria.fandom.com/es/wiki/Allosauroidea
Allosaurus,https://prehistoria.fandom.com/es/wiki/Allosaurus
Alnashetri,https://prehistoria.fandom.com/es/wiki/Alnashetri
Alocodon,https://prehistoria.fandom.com/es/wiki/Alocodon
Altirhinus,https://prehistoria.fandom.com/es/wiki/Altirhinus
Altispinax,https://prehistoria.fandom.com/es/wiki/Altispinax
Alvarezsauridae,https://prehistoria.fandom.com/es/wiki/Alvarezsauridae
Alvarezsaurus,https://prehistoria.fandom.com/es/wiki/Alvarezsaurus
Alwalkeria,https://prehistoria.fandom.com/es/wiki/Alwalkeria
Alxasaurus,https://prehistoria.fandom.com/es/wiki/Alxasaurus
Amanzia,https://prehistoria.fandom.com/es/wiki/Amanzia
Amargasaurus,https://prehistoria.fandom.com/es/wiki/Amargasaurus
Amargastegos,https://prehistoria.fandom.com/es/wiki/Amargastegos
Amargatitanis,https://prehistoria.fandom.com/es/wiki/Amargatitanis
Amazonsaurus,https://prehistoria.fandom.com/es/wiki/Amazonsaurus
Ambopteryx,https://prehistoria.fandom.com/es/wiki/Ambopteryx
Ammosaurus,https://prehistoria.fandom.com/es/wiki/Ammosaurus
Ampelosaurus,https://prehistoria.fandom.com/es/wiki/Ampelosaurus
Amphicoelias,https://prehistoria.fandom.com/es/wiki/Amphicoelias
Amurosaurus,https://prehistoria.fandom.com/es/wiki/Amurosaurus
Amygdalodon,https://prehistoria.fandom.com/es/wiki/Amygdalodon
Anabisetia,https://prehistoria.fandom.com/es/wiki/Anabisetia
Anatosaurus,https://prehistoria.fandom.com/es/wiki/Anatosaurus
Anatotitan,https://prehistoria.fandom.com/es/wiki/Anatotitan
Anchiceratops,https://prehistoria.fandom.com/es/wiki/Anchiceratops
Anchiornis,https://prehistoria.fandom.com/es/wiki/Anchiornis
Anchisaurus,https://prehistoria.fandom.com/es/wiki/Anchisaurus
Andesaurus,https://prehistoria.fandom.com/es/wiki/Andesaurus
Angaturama,https://prehistoria.fandom.com/es/wiki/Angaturama
Aniksosaurus,https://prehistoria.fandom.com/es/wiki/Aniksosaurus
Ankylosauria,https://prehistoria.fandom.com/es/wiki/Ankylosauria
Ankylosaurus,https://prehistoria.fandom.com/es/wiki/Ankylosaurus
Anodontosaurus,https://prehistoria.fandom.com/es/wiki/Anodontosaurus
Anserimimus,https://prehistoria.fandom.com/es/wiki/Anserimimus
Antarctopelta,https://prehistoria.fandom.com/es/wiki/Antarctopelta
Antarctosaurus,https://prehistoria.fandom.com/es/wiki/Antarctosaurus
Antrodemus,https://prehistoria.fandom.com/es/wiki/Antrodemus
Anzu,https://prehistoria.fandom.com/es/wiki/Anzu
Aoniraptor,https://prehistoria.fandom.com/es/wiki/Aoniraptor
Apatodon,https://prehistoria.fandom.com/es/wiki/Apatodon
Apatoraptor,https://prehistoria.fandom.com/es/wiki/Apatoraptor
Apatosaurus,https://prehistoria.fandom.com/es/wiki/Apatosaurus
Appalachiosaurus,https://prehistoria.fandom.com/es/wiki/Appalachiosaurus
Aquilops,https://prehistoria.fandom.com/es/wiki/Aquilops
Arackar licanantay,https://prehistoria.fandom.com/es/wiki/Arackar_licanantay
Aragosaurus,https://prehistoria.fandom.com/es/wiki/Aragosaurus
Aralosaurus,https://prehistoria.fandom.com/es/wiki/Aralosaurus
Aratasaurus,https://prehistoria.fandom.com/es/wiki/Aratasaurus
Archaeoceratops,https://prehistoria.fandom.com/es/wiki/Archaeoceratops
Archaeodontosaurus,https://prehistoria.fandom.com/es/wiki/Archaeodontosaurus
Archaeornithoides,https://prehistoria.fandom.com/es/wiki/Archaeornithoides
Archaeornithomimus,https://prehistoria.fandom.com/es/wiki/Archaeornithomimus
Arcovenator,https://prehistoria.fandom.com/es/wiki/Arcovenator
Arenysaurus,https://prehistoria.fandom.com/es/wiki/Arenysaurus
Argentinosaurus,https://prehistoria.fandom.com/es/wiki/Argentinosaurus
Argyrosauridae,https://prehistoria.fandom.com/es/wiki/Argyrosauridae
Argyrosaurus,https://prehistoria.fandom.com/es/wiki/Argyrosaurus
Aristosuchus,https://prehistoria.fandom.com/es/wiki/Aristosuchus
Arkansaurus,https://prehistoria.fandom.com/es/wiki/Arkansaurus
Arrhinoceratops,https://prehistoria.fandom.com/es/wiki/Arrhinoceratops
Artículos más visitados,https://prehistoria.fandom.com/es/wiki/Art%C3%ADculos_m%C3%A1s_visitados
Asfaltovenator,https://prehistoria.fandom.com/es/wiki/Asfaltovenator
Asiatosaurus,https://prehistoria.fandom.com/es/wiki/Asiatosaurus
Astrodon,https://prehistoria.fandom.com/es/wiki/Astrodon
Atacamatitan,https://prehistoria.fandom.com/es/wiki/Atacamatitan
Atlantosaurus,https://prehistoria.fandom.com/es/wiki/Atlantosaurus
Atlasaurus,https://prehistoria.fandom.com/es/wiki/Atlasaurus
Atlascopcosaurus,https://prehistoria.fandom.com/es/wiki/Atlascopcosaurus
Atrociraptor,https://prehistoria.fandom.com/es/wiki/Atrociraptor
Atsinganosaurus,https://prehistoria.fandom.com/es/wiki/Atsinganosaurus
Aublysodon,https://prehistoria.fandom.com/es/wiki/Aublysodon
Aucasaurus,https://prehistoria.fandom.com/es/wiki/Aucasaurus
Augustynolophus,https://prehistoria.fandom.com/es/wiki/Augustynolophus
Auroraceratops,https://prehistoria.fandom.com/es/wiki/Auroraceratops
Aurornis,https://prehistoria.fandom.com/es/wiki/Aurornis
Australovenator,https://prehistoria.fandom.com/es/wiki/Australovenator
Austrocheirus,https://prehistoria.fandom.com/es/wiki/Austrocheirus
Austroposeidon,https://prehistoria.fandom.com/es/wiki/Austroposeidon
Austroraptor,https://prehistoria.fandom.com/es/wiki/Austroraptor
Austrosaurus,https://prehistoria.fandom.com/es/wiki/Austrosaurus
Avaceratops,https://prehistoria.fandom.com/es/wiki/Avaceratops
Aves,https://prehistoria.fandom.com/es/wiki/Aves
Aviatyrannis,https://prehistoria.fandom.com/es/wiki/Aviatyrannis
Avimimus,https://prehistoria.fandom.com/es/wiki/Avimimus
Avipes,https://prehistoria.fandom.com/es/wiki/Avipes
Bactrosaurus,https://prehistoria.fandom.com/es/wiki/Bactrosaurus
Bagaceratops,https://prehistoria.fandom.com/es/wiki/Bagaceratops
Bagaraatan,https://prehistoria.fandom.com/es/wiki/Bagaraatan
Bagualia,https://prehistoria.fandom.com/es/wiki/Bagualia
Bahariasaurus,https://prehistoria.fandom.com/es/wiki/Bahariasaurus
Bajadasaurus,https://prehistoria.fandom.com/es/wiki/Bajadasaurus
Balaur,https://prehistoria.fandom.com/es/wiki/Balaur
Balochisaurus,https://prehistoria.fandom.com/es/wiki/Balochisaurus
Bambiraptor,https://prehistoria.fandom.com/es/wiki/Bambiraptor
Banji,https://prehistoria.fandom.com/es/wiki/Banji
Barapasaurus,https://prehistoria.fandom.com/es/wiki/Barapasaurus
Barosaurus,https://prehistoria.fandom.com/es/wiki/Barosaurus
Barrosasaurus,https://prehistoria.fandom.com/es/wiki/Barrosasaurus
Barsboldia,https://prehistoria.fandom.com/es/wiki/Barsboldia
Baryonychinae,https://prehistoria.fandom.com/es/wiki/Baryonychinae
Baryonyx,https://prehistoria.fandom.com/es/wiki/Baryonyx
Baurutitan,https://prehistoria.fandom.com/es/wiki/Baurutitan
Bayosaurus,https://prehistoria.fandom.com/es/wiki/Bayosaurus
Becklespinax,https://prehistoria.fandom.com/es/wiki/Becklespinax
Beg tse,https://prehistoria.fandom.com/es/wiki/Beg_tse
Beipiaosaurus,https://prehistoria.fandom.com/es/wiki/Beipiaosaurus
Beishanlong,https://prehistoria.fandom.com/es/wiki/Beishanlong
Berberosaurus,https://prehistoria.fandom.com/es/wiki/Berberosaurus
Berthasaura,https://prehistoria.fandom.com/es/wiki/Berthasaura
Betasuchus,https://prehistoria.fandom.com/es/wiki/Betasuchus
Bicentenaria,https://prehistoria.fandom.com/es/wiki/Bicentenaria
Bienosaurus,https://prehistoria.fandom.com/es/wiki/Bienosaurus
Bistahieversor,https://prehistoria.fandom.com/es/wiki/Bistahieversor
Blasisaurus,https://prehistoria.fandom.com/es/wiki/Blasisaurus
Blikanasaurus,https://prehistoria.fandom.com/es/wiki/Blikanasaurus
Usuario Blog:Blog de Jason/Documental Walking with Dinosaurs,https://prehistoria.fandom.com/es/wiki/Usuario_Blog:Blog_de_Jason/Documental_Walking_with_Dinosaurs
Usuario Blog:Blog de Jason/Ouranosaurus,https://prehistoria.fandom.com/es/wiki/Usuario_Blog:Blog_de_Jason/Ouranosaurus
Bonapartenykus ultimus,https://prehistoria.fandom.com/es/wiki/Bonapartenykus_ultimus
Bonapartesaurus,https://prehistoria.fandom.com/es/wiki/Bonapartesaurus
Bonatitan,https://prehistoria.fandom.com/es/wiki/Bonatitan
Bonitasaura,https://prehistoria.fandom.com/es/wiki/Bonitasaura
Borealosaurus,https://prehistoria.fandom.com/es/wiki/Borealosaurus
Borogovia,https://prehistoria.fandom.com/es/wiki/Borogovia
Bothriospondylus,https://prehistoria.fandom.com/es/wiki/Bothriospondylus
Brachiosauridae,https://prehistoria.fandom.com/es/wiki/Brachiosauridae
Brachiosaurus,https://prehistoria.fandom.com/es/wiki/Brachiosaurus
Brachyceratops,https://prehistoria.fandom.com/es/wiki/Brachyceratops
Brachylophosaurus,https://prehistoria.fandom.com/es/wiki/Brachylophosaurus
Brachytrachelopan,https://prehistoria.fandom.com/es/wiki/Brachytrachelopan
Bradycneme,https://prehistoria.fandom.com/es/wiki/Bradycneme
Bravasaurus,https://prehistoria.fandom.com/es/wiki/Bravasaurus
Breviparopus,https://prehistoria.fandom.com/es/wiki/Breviparopus
Brighstoneous,https://prehistoria.fandom.com/es/wiki/Brighstoneous
Brohisaurus,https://prehistoria.fandom.com/es/wiki/Brohisaurus
Brontomerus,https://prehistoria.fandom.com/es/wiki/Brontomerus
Brontosaurus,https://prehistoria.fandom.com/es/wiki/Brontosaurus
Bruhathkayosaurus,https://prehistoria.fandom.com/es/wiki/Bruhathkayosaurus
Buitreraptor,https://prehistoria.fandom.com/es/wiki/Buitreraptor
Buriolestes,https://prehistoria.fandom.com/es/wiki/Buriolestes
Byronosaurus jaffei,https://prehistoria.fandom.com/es/wiki/Byronosaurus_jaffei
Caenagnathasia,https://prehistoria.fandom.com/es/wiki/Caenagnathasia
Caenagnathus,https://prehistoria.fandom.com/es/wiki/Caenagnathus
Caihong juji,https://prehistoria.fandom.com/es/wiki/Caihong_juji
Aardonyx,https://prehistoria.fandom.com/es/wiki/Aardonyx
Abdarainurus,https://prehistoria.fandom.com/es/wiki/Abdarainurus
Abelisauridae,https://prehistoria.fandom.com/es/wiki/Abelisauridae
Abelisaurinae,https://prehistoria.fandom.com/es/wiki/Abelisaurinae
Abelisauroidea,https://prehistoria.fandom.com/es/wiki/Abelisauroidea
Abelisaurus,https://prehistoria.fandom.com/es/wiki/Abelisaurus
Abrictosaurus,https://prehistoria.fandom.com/es/wiki/Abrictosaurus
Abrosaurus,https://prehistoria.fandom.com/es/wiki/Abrosaurus
Abydosaurus mcintoshi,https://prehistoria.fandom.com/es/wiki/Abydosaurus_mcintoshi
Acantholipan gonzalezi,https://prehistoria.fandom.com/es/wiki/Acantholipan_gonzalezi
Acanthopholis,https://prehistoria.fandom.com/es/wiki/Acanthopholis
Achelousaurus,https://prehistoria.fandom.com/es/wiki/Achelousaurus
Acheroraptor temertyorum,https://prehistoria.fandom.com/es/wiki/Acheroraptor_temertyorum
Achillesaurus,https://prehistoria.fandom.com/es/wiki/Achillesaurus
Achillobator,https://prehistoria.fandom.com/es/wiki/Achillobator
Acristavus,https://prehistoria.fandom.com/es/wiki/Acristavus
Acrocanthosaurus,https://prehistoria.fandom.com/es/wiki/Acrocanthosaurus
Acrotholus,https://prehistoria.fandom.com/es/wiki/Acrotholus
Adamantisaurus,https://prehistoria.fandom.com/es/wiki/Adamantisaurus
Adasaurus,https://prehistoria.fandom.com/es/wiki/Adasaurus
Adeopapposaurus,https://prehistoria.fandom.com/es/wiki/Adeopapposaurus
Adratiklit,https://prehistoria.fandom.com/es/wiki/Adratiklit
Adynomosaurus,https://prehistoria.fandom.com/es/wiki/Adynomosaurus
Aegyptosaurus,https://prehistoria.fandom.com/es/wiki/Aegyptosaurus
Aelosaurus,https://prehistoria.fandom.com/es/wiki/Aelosaurus
Aeolosaurus,https://prehistoria.fandom.com/es/wiki/Aeolosaurus
Aepisaurus,https://prehistoria.fandom.com/es/wiki/Aepisaurus
Aerosteon,https://prehistoria.fandom.com/es/wiki/Aerosteon
Afrovenator abakensis,https://prehistoria.fandom.com/es/wiki/Afrovenator_abakensis
Agathaumas,https://prehistoria.fandom.com/es/wiki/Agathaumas
Agilisaurus,https://prehistoria.fandom.com/es/wiki/Agilisaurus
Agnosphitys,https://prehistoria.fandom.com/es/wiki/Agnosphitys
Agrosaurus,https://prehistoria.fandom.com/es/wiki/Agrosaurus
Agujaceratops,https://prehistoria.fandom.com/es/wiki/Agujaceratops
Agustinia,https://prehistoria.fandom.com/es/wiki/Agustinia
Ahshislepelta,https://prehistoria.fandom.com/es/wiki/Ahshislepelta
Ajancingenia,https://prehistoria.fandom.com/es/wiki/Ajancingenia
Ajkaceratops,https://prehistoria.fandom.com/es/wiki/Ajkaceratops
Ajnabia,https://prehistoria.fandom.com/es/wiki/Ajnabia
Alamosaurus,https://prehistoria.fandom.com/es/wiki/Alamosaurus
Alaskacephale,https://prehistoria.fandom.com/es/wiki/Alaskacephale
Albalophosaurus,https://prehistoria.fandom.com/es/wiki/Albalophosaurus
Albertaceratops,https://prehistoria.fandom.com/es/wiki/Albertaceratops
Albertadromeus,https://prehistoria.fandom.com/es/wiki/Albertadromeus
Albertavenator,https://prehistoria.fandom.com/es/wiki/Albertavenator
Albertonykus,https://prehistoria.fandom.com/es/wiki/Albertonykus
Albertosaurinae,https://prehistoria.fandom.com/es/wiki/Albertosaurinae
Albertosaurus,https://prehistoria.fandom.com/es/wiki/Albertosaurus
Albinykus,https://prehistoria.fandom.com/es/wiki/Albinykus
Alcovasaurus,https://prehistoria.fandom.com/es/wiki/Alcovasaurus
Alectrosaurus,https://prehistoria.fandom.com/es/wiki/Alectrosaurus
Aletopelta,https://prehistoria.fandom.com/es/wiki/Aletopelta
Algoasaurus bauri,https://prehistoria.fandom.com/es/wiki/Algoasaurus_bauri
Alioramus,https://prehistoria.fandom.com/es/wiki/Alioramus
Aliwalia,https://prehistoria.fandom.com/es/wiki/Aliwalia
Allosauridae,https://prehistoria.fandom.com/es/wiki/Allosauridae
Allosauroidea,https://prehistoria.fandom.com/es/wiki/Allosauroidea
Allosaurus,https://prehistoria.fandom.com/es/wiki/Allosaurus
Alnashetri,https://prehistoria.fandom.com/es/wiki/Alnashetri
Alocodon,https://prehistoria.fandom.com/es/wiki/Alocodon
Altirhinus,https://prehistoria.fandom.com/es/wiki/Altirhinus
Altispinax,https://prehistoria.fandom.com/es/wiki/Altispinax
Alvarezsauridae,https://prehistoria.fandom.com/es/wiki/Alvarezsauridae
Alvarezsaurus,https://prehistoria.fandom.com/es/wiki/Alvarezsaurus
Alwalkeria,https://prehistoria.fandom.com/es/wiki/Alwalkeria
Alxasaurus,https://prehistoria.fandom.com/es/wiki/Alxasaurus
Amanzia,https://prehistoria.fandom.com/es/wiki/Amanzia
Amargasaurus,https://prehistoria.fandom.com/es/wiki/Amargasaurus
Amargastegos,https://prehistoria.fandom.com/es/wiki/Amargastegos
Amargatitanis,https://prehistoria.fandom.com/es/wiki/Amargatitanis
Amazonsaurus,https://prehistoria.fandom.com/es/wiki/Amazonsaurus
Ambopteryx,https://prehistoria.fandom.com/es/wiki/Ambopteryx
Ammosaurus,https://prehistoria.fandom.com/es/wiki/Ammosaurus
Ampelosaurus,https://prehistoria.fandom.com/es/wiki/Ampelosaurus
Amphicoelias,https://prehistoria.fandom.com/es/wiki/Amphicoelias
Amurosaurus,https://prehistoria.fandom.com/es/wiki/Amurosaurus
Amygdalodon,https://prehistoria.fandom.com/es/wiki/Amygdalodon
Anabisetia,https://prehistoria.fandom.com/es/wiki/Anabisetia
Anatosaurus,https://prehistoria.fandom.com/es/wiki/Anatosaurus
Anatotitan,https://prehistoria.fandom.com/es/wiki/Anatotitan
Anchiceratops,https://prehistoria.fandom.com/es/wiki/Anchiceratops
Anchiornis,https://prehistoria.fandom.com/es/wiki/Anchiornis
Anchisaurus,https://prehistoria.fandom.com/es/wiki/Anchisaurus
Andesaurus,https://prehistoria.fandom.com/es/wiki/Andesaurus
Angaturama,https://prehistoria.fandom.com/es/wiki/Angaturama
Aniksosaurus,https://prehistoria.fandom.com/es/wiki/Aniksosaurus
Ankylosauria,https://prehistoria.fandom.com/es/wiki/Ankylosauria
Ankylosaurus,https://prehistoria.fandom.com/es/wiki/Ankylosaurus
Anodontosaurus,https://prehistoria.fandom.com/es/wiki/Anodontosaurus
Anserimimus,https://prehistoria.fandom.com/es/wiki/Anserimimus
Antarctopelta,https://prehistoria.fandom.com/es/wiki/Antarctopelta
Antarctosaurus,https://prehistoria.fandom.com/es/wiki/Antarctosaurus
Antrodemus,https://prehistoria.fandom.com/es/wiki/Antrodemus
Anzu,https://prehistoria.fandom.com/es/wiki/Anzu
Aoniraptor,https://prehistoria.fandom.com/es/wiki/Aoniraptor
Apatodon,https://prehistoria.fandom.com/es/wiki/Apatodon
Apatoraptor,https://prehistoria.fandom.com/es/wiki/Apatoraptor
Apatosaurus,https://prehistoria.fandom.com/es/wiki/Apatosaurus
Appalachiosaurus,https://prehistoria.fandom.com/es/wiki/Appalachiosaurus
Aquilops,https://prehistoria.fandom.com/es/wiki/Aquilops
Arackar licanantay,https://prehistoria.fandom.com/es/wiki/Arackar_licanantay
Aragosaurus,https://prehistoria.fandom.com/es/wiki/Aragosaurus
Aralosaurus,https://prehistoria.fandom.com/es/wiki/Aralosaurus
Aratasaurus,https://prehistoria.fandom.com/es/wiki/Aratasaurus
Archaeoceratops,https://prehistoria.fandom.com/es/wiki/Archaeoceratops
Archaeodontosaurus,https://prehistoria.fandom.com/es/wiki/Archaeodontosaurus
Archaeornithoides,https://prehistoria.fandom.com/es/wiki/Archaeornithoides
Archaeornithomimus,https://prehistoria.fandom.com/es/wiki/Archaeornithomimus
Arcovenator,https://prehistoria.fandom.com/es/wiki/Arcovenator
Arenysaurus,https://prehistoria.fandom.com/es/wiki/Arenysaurus
Argentinosaurus,https://prehistoria.fandom.com/es/wiki/Argentinosaurus
Argyrosauridae,https://prehistoria.fandom.com/es/wiki/Argyrosauridae
Argyrosaurus,https://prehistoria.fandom.com/es/wiki/Argyrosaurus
Aristosuchus,https://prehistoria.fandom.com/es/wiki/Aristosuchus
Arkansaurus,https://prehistoria.fandom.com/es/wiki/Arkansaurus
Arrhinoceratops,https://prehistoria.fandom.com/es/wiki/Arrhinoceratops
Artículos más visitados,https://prehistoria.fandom.com/es/wiki/Art%C3%ADculos_m%C3%A1s_visitados
Asfaltovenator,https://prehistoria.fandom.com/es/wiki/Asfaltovenator
Asiatosaurus,https://prehistoria.fandom.com/es/wiki/Asiatosaurus
Astrodon,https://prehistoria.fandom.com/es/wiki/Astrodon
Atacamatitan,https://prehistoria.fandom.com/es/wiki/Atacamatitan
Atlantosaurus,https://prehistoria.fandom.com/es/wiki/Atlantosaurus
Atlasaurus,https://prehistoria.fandom.com/es/wiki/Atlasaurus
Atlascopcosaurus,https://prehistoria.fandom.com/es/wiki/Atlascopcosaurus
Atrociraptor,https://prehistoria.fandom.com/es/wiki/Atrociraptor
Atsinganosaurus,https://prehistoria.fandom.com/es/wiki/Atsinganosaurus
Aublysodon,https://prehistoria.fandom.com/es/wiki/Aublysodon
Aucasaurus,https://prehistoria.fandom.com/es/wiki/Aucasaurus
Augustynolophus,https://prehistoria.fandom.com/es/wiki/Augustynolophus
Auroraceratops,https://prehistoria.fandom.com/es/wiki/Auroraceratops
Aurornis,https://prehistoria.fandom.com/es/wiki/Aurornis
Australovenator,https://prehistoria.fandom.com/es/wiki/Australovenator
Austrocheirus,https://prehistoria.fandom.com/es/wiki/Austrocheirus
Austroposeidon,https://prehistoria.fandom.com/es/wiki/Austroposeidon
Austroraptor,https://prehistoria.fandom.com/es/wiki/Austroraptor
Austrosaurus,https://prehistoria.fandom.com/es/wiki/Austrosaurus
Avaceratops,https://prehistoria.fandom.com/es/wiki/Avaceratops
Aves,https://prehistoria.fandom.com/es/wiki/Aves
Aviatyrannis,https://prehistoria.fandom.com/es/wiki/Aviatyrannis
Avimimus,https://prehistoria.fandom.com/es/wiki/Avimimus
Avipes,https://prehistoria.fandom.com/es/wiki/Avipes
Bactrosaurus,https://prehistoria.fandom.com/es/wiki/Bactrosaurus
Bagaceratops,https://prehistoria.fandom.com/es/wiki/Bagaceratops
Bagaraatan,https://prehistoria.fandom.com/es/wiki/Bagaraatan
Bagualia,https://prehistoria.fandom.com/es/wiki/Bagualia
Bahariasaurus,https://prehistoria.fandom.com/es/wiki/Bahariasaurus
Bajadasaurus,https://prehistoria.fandom.com/es/wiki/Bajadasaurus
Balaur,https://prehistoria.fandom.com/es/wiki/Balaur
Balochisaurus,https://prehistoria.fandom.com/es/wiki/Balochisaurus
Bambiraptor,https://prehistoria.fandom.com/es/wiki/Bambiraptor
Banji,https://prehistoria.fandom.com/es/wiki/Banji
Barapasaurus,https://prehistoria.fandom.com/es/wiki/Barapasaurus
Barosaurus,https://prehistoria.fandom.com/es/wiki/Barosaurus
Barrosasaurus,https://prehistoria.fandom.com/es/wiki/Barrosasaurus
Barsboldia,https://prehistoria.fandom.com/es/wiki/Barsboldia
Baryonychinae,https://prehistoria.fandom.com/es/wiki/Baryonychinae
Baryonyx,https://prehistoria.fandom.com/es/wiki/Baryonyx
Baurutitan,https://prehistoria.fandom.com/es/wiki/Baurutitan
Bayosaurus,https://prehistoria.fandom.com/es/wiki/Bayosaurus
Becklespinax,https://prehistoria.fandom.com/es/wiki/Becklespinax
Beg tse,https://prehistoria.fandom.com/es/wiki/Beg_tse
Beipiaosaurus,https://prehistoria.fandom.com/es/wiki/Beipiaosaurus
Beishanlong,https://prehistoria.fandom.com/es/wiki/Beishanlong
Berberosaurus,https://prehistoria.fandom.com/es/wiki/Berberosaurus
Berthasaura,https://prehistoria.fandom.com/es/wiki/Berthasaura
Betasuchus,https://prehistoria.fandom.com/es/wiki/Betasuchus
Bicentenaria,https://prehistoria.fandom.com/es/wiki/Bicentenaria
Bienosaurus,https://prehistoria.fandom.com/es/wiki/Bienosaurus
Bistahieversor,https://prehistoria.fandom.com/es/wiki/Bistahieversor
Blasisaurus,https://prehistoria.fandom.com/es/wiki/Blasisaurus
Blikanasaurus,https://prehistoria.fandom.com/es/wiki/Blikanasaurus
Usuario Blog:Blog de Jason/Documental Walking with Dinosaurs,https://prehistoria.fandom.com/es/wiki/Usuario_Blog:Blog_de_Jason/Documental_Walking_with_Dinosaurs
Usuario Blog:Blog de Jason/Ouranosaurus,https://prehistoria.fandom.com/es/wiki/Usuario_Blog:Blog_de_Jason/Ouranosaurus
Bonapartenykus ultimus,https://prehistoria.fandom.com/es/wiki/Bonapartenykus_ultimus
Bonapartesaurus,https://prehistoria.fandom.com/es/wiki/Bonapartesaurus
Bonatitan,https://prehistoria.fandom.com/es/wiki/Bonatitan
Bonitasaura,https://prehistoria.fandom.com/es/wiki/Bonitasaura
Borealosaurus,https://prehistoria.fandom.com/es/wiki/Borealosaurus
Borogovia,https://prehistoria.fandom.com/es/wiki/Borogovia
Bothriospondylus,https://prehistoria.fandom.com/es/wiki/Bothriospondylus
Brachiosauridae,https://prehistoria.fandom.com/es/wiki/Brachiosauridae
Brachiosaurus,https://prehistoria.fandom.com/es/wiki/Brachiosaurus
Brachyceratops,https://prehistoria.fandom.com/es/wiki/Brachyceratops
Brachylophosaurus,https://prehistoria.fandom.com/es/wiki/Brachylophosaurus
Brachytrachelopan,https://prehistoria.fandom.com/es/wiki/Brachytrachelopan
Bradycneme,https://prehistoria.fandom.com/es/wiki/Bradycneme
Bravasaurus,https://prehistoria.fandom.com/es/wiki/Bravasaurus
Breviparopus,https://prehistoria.fandom.com/es/wiki/Breviparopus
Brighstoneous,https://prehistoria.fandom.com/es/wiki/Brighstoneous
Brohisaurus,https://prehistoria.fandom.com/es/wiki/Brohisaurus
Brontomerus,https://prehistoria.fandom.com/es/wiki/Brontomerus
Brontosaurus,https://prehistoria.fandom.com/es/wiki/Brontosaurus
Bruhathkayosaurus,https://prehistoria.fandom.com/es/wiki/Bruhathkayosaurus
Buitreraptor,https://prehistoria.fandom.com/es/wiki/Buitreraptor
Buriolestes,https://prehistoria.fandom.com/es/wiki/Buriolestes
Byronosaurus jaffei,https://prehistoria.fandom.com/es/wiki/Byronosaurus_jaffei
Caenagnathasia,https://prehistoria.fandom.com/es/wiki/Caenagnathasia
Caenagnathus,https://prehistoria.fandom.com/es/wiki/Caenagnathus
Caihong juji,https://prehistoria.fandom.com/es/wiki/Caihong_juji
Callovosaurus,https://prehistoria.fandom.com/es/wiki/Callovosaurus
Camarasaurus,https://prehistoria.fandom.com/es/wiki/Camarasaurus
Camarillasaurus,https://prehistoria.fandom.com/es/wiki/Camarillasaurus
Camelotia,https://prehistoria.fandom.com/es/wiki/Camelotia
Camposaurus,https://prehistoria.fandom.com/es/wiki/Camposaurus
Camptosaurus,https://prehistoria.fandom.com/es/wiki/Camptosaurus
Canis edwardii,https://prehistoria.fandom.com/es/wiki/Canis_edwardii
Carcharodontosauridae,https://prehistoria.fandom.com/es/wiki/Carcharodontosauridae
Carcharodontosaurus,https://prehistoria.fandom.com/es/wiki/Carcharodontosaurus
Carnotaurinae,https://prehistoria.fandom.com/es/wiki/Carnotaurinae
Carnotaurus,https://prehistoria.fandom.com/es/wiki/Carnotaurus
Cathartesaura,https://prehistoria.fandom.com/es/wiki/Cathartesaura
Caudipteryx,https://prehistoria.fandom.com/es/wiki/Caudipteryx
Cedarosaurus,https://prehistoria.fandom.com/es/wiki/Cedarosaurus
Cedarpelta,https://prehistoria.fandom.com/es/wiki/Cedarpelta
Centrosaurus,https://prehistoria.fandom.com/es/wiki/Centrosaurus
Cerasinops,https://prehistoria.fandom.com/es/wiki/Cerasinops
Ceratonykus,https://prehistoria.fandom.com/es/wiki/Ceratonykus
Ceratops,https://prehistoria.fandom.com/es/wiki/Ceratops
Ceratopsidae,https://prehistoria.fandom.com/es/wiki/Ceratopsidae
Ceratosaurus,https://prehistoria.fandom.com/es/wiki/Ceratosaurus
Ceratosuchops,https://prehistoria.fandom.com/es/wiki/Ceratosuchops
Cetiosauriscus,https://prehistoria.fandom.com/es/wiki/Cetiosauriscus
Cetiosaurus,https://prehistoria.fandom.com/es/wiki/Cetiosaurus
Changchunsaurus,https://prehistoria.fandom.com/es/wiki/Changchunsaurus
Changmiania,https://prehistoria.fandom.com/es/wiki/Changmiania
Changyuraptor,https://prehistoria.fandom.com/es/wiki/Changyuraptor
Chaoyangsaurus,https://prehistoria.fandom.com/es/wiki/Chaoyangsaurus
Charonosaurus,https://prehistoria.fandom.com/es/wiki/Charonosaurus
Chasmosaurus,https://prehistoria.fandom.com/es/wiki/Chasmosaurus
Chebsaurus,https://prehistoria.fandom.com/es/wiki/Chebsaurus
Chenanisaurus,https://prehistoria.fandom.com/es/wiki/Chenanisaurus
Chialingosaurus,https://prehistoria.fandom.com/es/wiki/Chialingosaurus
Chilantaisaurus,https://prehistoria.fandom.com/es/wiki/Chilantaisaurus
Chilesaurus diegosuarezi,https://prehistoria.fandom.com/es/wiki/Chilesaurus_diegosuarezi
Chindesaurus,https://prehistoria.fandom.com/es/wiki/Chindesaurus
Chirostenotes,https://prehistoria.fandom.com/es/wiki/Chirostenotes
Choconsaurus,https://prehistoria.fandom.com/es/wiki/Choconsaurus
Chuanjiesaurus,https://prehistoria.fandom.com/es/wiki/Chuanjiesaurus
Chuanqilong,https://prehistoria.fandom.com/es/wiki/Chuanqilong
Chubutisaurus,https://prehistoria.fandom.com/es/wiki/Chubutisaurus
Chungkingosaurus,https://prehistoria.fandom.com/es/wiki/Chungkingosaurus
Citipati,https://prehistoria.fandom.com/es/wiki/Citipati
Claosaurus,https://prehistoria.fandom.com/es/wiki/Claosaurus
Coahuilaceratops,https://prehistoria.fandom.com/es/wiki/Coahuilaceratops
Coelophysis,https://prehistoria.fandom.com/es/wiki/Coelophysis
Coelurosauria,https://prehistoria.fandom.com/es/wiki/Coelurosauria
Coelurus,https://prehistoria.fandom.com/es/wiki/Coelurus
Coleopiocephale,https://prehistoria.fandom.com/es/wiki/Coleopiocephale
Coloradisaurus,https://prehistoria.fandom.com/es/wiki/Coloradisaurus
Comahuesaurus,https://prehistoria.fandom.com/es/wiki/Comahuesaurus
Composgnathidae,https://prehistoria.fandom.com/es/wiki/Composgnathidae
Compsognathus,https://prehistoria.fandom.com/es/wiki/Compsognathus
Compsosuchus,https://prehistoria.fandom.com/es/wiki/Compsosuchus
Concavenator,https://prehistoria.fandom.com/es/wiki/Concavenator
Conchoraptor,https://prehistoria.fandom.com/es/wiki/Conchoraptor
Condorraptor,https://prehistoria.fandom.com/es/wiki/Condorraptor
Coronosaurus,https://prehistoria.fandom.com/es/wiki/Coronosaurus
Corythoraptor,https://prehistoria.fandom.com/es/wiki/Corythoraptor
Corythosaurus,https://prehistoria.fandom.com/es/wiki/Corythosaurus
Craterosaurus,https://prehistoria.fandom.com/es/wiki/Craterosaurus
Crichtonsaurus,https://prehistoria.fandom.com/es/wiki/Crichtonsaurus
Cristatusaurus,https://prehistoria.fandom.com/es/wiki/Cristatusaurus
Cryolophosaurus,https://prehistoria.fandom.com/es/wiki/Cryolophosaurus
Cryptovolans,https://prehistoria.fandom.com/es/wiki/Cryptovolans
Daanosaurus,https://prehistoria.fandom.com/es/wiki/Daanosaurus
Dacentrurus,https://prehistoria.fandom.com/es/wiki/Dacentrurus
Daemonosaurus,https://prehistoria.fandom.com/es/wiki/Daemonosaurus
Dahalokely,https://prehistoria.fandom.com/es/wiki/Dahalokely
Dakotadon,https://prehistoria.fandom.com/es/wiki/Dakotadon
Dakotaraptor,https://prehistoria.fandom.com/es/wiki/Dakotaraptor
Daliansaurus,https://prehistoria.fandom.com/es/wiki/Daliansaurus
Damalasaurus,https://prehistoria.fandom.com/es/wiki/Damalasaurus
Dandakosaurus,https://prehistoria.fandom.com/es/wiki/Dandakosaurus
Daspletosaurus,https://prehistoria.fandom.com/es/wiki/Daspletosaurus
Datanglong,https://prehistoria.fandom.com/es/wiki/Datanglong
Datousaurus,https://prehistoria.fandom.com/es/wiki/Datousaurus
Daxiatitan,https://prehistoria.fandom.com/es/wiki/Daxiatitan
Deinocheirus mirificus,https://prehistoria.fandom.com/es/wiki/Deinocheirus_mirificus
Deinodon,https://prehistoria.fandom.com/es/wiki/Deinodon
Deinonychus,https://prehistoria.fandom.com/es/wiki/Deinonychus
Delapparentia,https://prehistoria.fandom.com/es/wiki/Delapparentia
Deltadromeus,https://prehistoria.fandom.com/es/wiki/Deltadromeus
Demandasaurus,https://prehistoria.fandom.com/es/wiki/Demandasaurus
Denversaurus,https://prehistoria.fandom.com/es/wiki/Denversaurus
Diabloceratops,https://prehistoria.fandom.com/es/wiki/Diabloceratops
Diamantinasaurus,https://prehistoria.fandom.com/es/wiki/Diamantinasaurus
Dicraeosaurus,https://prehistoria.fandom.com/es/wiki/Dicraeosaurus
Dilong,https://prehistoria.fandom.com/es/wiki/Dilong
Dilophosaurus,https://prehistoria.fandom.com/es/wiki/Dilophosaurus
Diluvicursor,https://prehistoria.fandom.com/es/wiki/Diluvicursor
Dineobellator notohesperus,https://prehistoria.fandom.com/es/wiki/Dineobellator_notohesperus
Dinheirosaurus,https://prehistoria.fandom.com/es/wiki/Dinheirosaurus
Dinodocus,https://prehistoria.fandom.com/es/wiki/Dinodocus
Usuario Blog:Dinojeda/INVENTA UN NUEVO DINOSAURIO,https://prehistoria.fandom.com/es/wiki/Usuario_Blog:Dinojeda/INVENTA_UN_NUEVO_DINOSAURIO
Dinosauria,https://prehistoria.fandom.com/es/wiki/Dinosauria
Categoría:Dinosaurios dudosos,https://prehistoria.fandom.com/es/wiki/Categor%C3%ADa:Dinosaurios_dudosos
Archivo:Dinosaurios en combate - 1 - Supervivientes al límite-0,https://prehistoria.fandom.com/es/wiki/Archivo:Dinosaurios_en_combate_-_1_-_Supervivientes_al_l%C3%ADmite-0
Diplodocidae,https://prehistoria.fandom.com/es/wiki/Diplodocidae
Diplodocus,https://prehistoria.fandom.com/es/wiki/Diplodocus
Dracopelta,https://prehistoria.fandom.com/es/wiki/Dracopelta
Dracorex,https://prehistoria.fandom.com/es/wiki/Dracorex
Dracovenator,https://prehistoria.fandom.com/es/wiki/Dracovenator
Dreadnoughtus,https://prehistoria.fandom.com/es/wiki/Dreadnoughtus
Dromaeosaurinae,https://prehistoria.fandom.com/es/wiki/Dromaeosaurinae
Dromaeosauroides,https://prehistoria.fandom.com/es/wiki/Dromaeosauroides
Dromaeosaurus,https://prehistoria.fandom.com/es/wiki/Dromaeosaurus
Dromeosauriformipes,https://prehistoria.fandom.com/es/wiki/Dromeosauriformipes
Dromiceiomimus,https://prehistoria.fandom.com/es/wiki/Dromiceiomimus
Drusilasaura,https://prehistoria.fandom.com/es/wiki/Drusilasaura
Dryosaurus,https://prehistoria.fandom.com/es/wiki/Dryosaurus
Dryptosauroides,https://prehistoria.fandom.com/es/wiki/Dryptosauroides
Dryptosaurus,https://prehistoria.fandom.com/es/wiki/Dryptosaurus
Dubreuillosaurus,https://prehistoria.fandom.com/es/wiki/Dubreuillosaurus
Dynamoterror,https://prehistoria.fandom.com/es/wiki/Dynamoterror
Dyoplosaurus,https://prehistoria.fandom.com/es/wiki/Dyoplosaurus
Dysalotosaurus,https://prehistoria.fandom.com/es/wiki/Dysalotosaurus
Dyslocosaurus,https://prehistoria.fandom.com/es/wiki/Dyslocosaurus
Dystrophaeus,https://prehistoria.fandom.com/es/wiki/Dystrophaeus
Dystylosaurus,https://prehistoria.fandom.com/es/wiki/Dystylosaurus
Dzharatitanis,https://prehistoria.fandom.com/es/wiki/Dzharatitanis
Echinodon,https://prehistoria.fandom.com/es/wiki/Echinodon
Edmarka,https://prehistoria.fandom.com/es/wiki/Edmarka
Edmontonia,https://prehistoria.fandom.com/es/wiki/Edmontonia
Edmontosaurus,https://prehistoria.fandom.com/es/wiki/Edmontosaurus
Einiosaurus,https://prehistoria.fandom.com/es/wiki/Einiosaurus
Ekrixinatosaurus novasi,https://prehistoria.fandom.com/es/wiki/Ekrixinatosaurus_novasi
Elaltitan,https://prehistoria.fandom.com/es/wiki/Elaltitan
Elaphrosaurus,https://prehistoria.fandom.com/es/wiki/Elaphrosaurus
Elmisaurus,https://prehistoria.fandom.com/es/wiki/Elmisaurus
Elopteryx,https://prehistoria.fandom.com/es/wiki/Elopteryx
Emausaurus,https://prehistoria.fandom.com/es/wiki/Emausaurus
Enigmosaurus,https://prehistoria.fandom.com/es/wiki/Enigmosaurus
Eoabelisaurus,https://prehistoria.fandom.com/es/wiki/Eoabelisaurus
Eobrontosaurus,https://prehistoria.fandom.com/es/wiki/Eobrontosaurus
Eocarcharia,https://prehistoria.fandom.com/es/wiki/Eocarcharia
Eoceratops,https://prehistoria.fandom.com/es/wiki/Eoceratops
Eocursor parvus,https://prehistoria.fandom.com/es/wiki/Eocursor_parvus
Eodromaeus,https://prehistoria.fandom.com/es/wiki/Eodromaeus
Eolambia,https://prehistoria.fandom.com/es/wiki/Eolambia
Eoraptor,https://prehistoria.fandom.com/es/wiki/Eoraptor
Eosinopteryx,https://prehistoria.fandom.com/es/wiki/Eosinopteryx
Eotriceratops,https://prehistoria.fandom.com/es/wiki/Eotriceratops
Eotyrannus,https://prehistoria.fandom.com/es/wiki/Eotyrannus
Eousdryosaurus,https://prehistoria.fandom.com/es/wiki/Eousdryosaurus
Epachthosaurus,https://prehistoria.fandom.com/es/wiki/Epachthosaurus
Epanterias,https://prehistoria.fandom.com/es/wiki/Epanterias
Epidendrosaurus,https://prehistoria.fandom.com/es/wiki/Epidendrosaurus
Epidexipteryx,https://prehistoria.fandom.com/es/wiki/Epidexipteryx
Erectopus,https://prehistoria.fandom.com/es/wiki/Erectopus
Erlikosaurus,https://prehistoria.fandom.com/es/wiki/Erlikosaurus
Eshanosaurus,https://prehistoria.fandom.com/es/wiki/Eshanosaurus
Espinosáurido australiano,https://prehistoria.fandom.com/es/wiki/Espinos%C3%A1urido_australiano
Eucentrosaurus,https://prehistoria.fandom.com/es/wiki/Eucentrosaurus
Eucnemesaurus,https://prehistoria.fandom.com/es/wiki/Eucnemesaurus
Euhelopus,https://prehistoria.fandom.com/es/wiki/Euhelopus
Euoplocephalus,https://prehistoria.fandom.com/es/wiki/Euoplocephalus
Euparkeria,https://prehistoria.fandom.com/es/wiki/Euparkeria
Europasaurus,https://prehistoria.fandom.com/es/wiki/Europasaurus
Europatitan,https://prehistoria.fandom.com/es/wiki/Europatitan
Europelta,https://prehistoria.fandom.com/es/wiki/Europelta
Euskelosaurus,https://prehistoria.fandom.com/es/wiki/Euskelosaurus
Eustreptospondylus,https://prehistoria.fandom.com/es/wiki/Eustreptospondylus
Fabrosaurus,https://prehistoria.fandom.com/es/wiki/Fabrosaurus
Falcarius,https://prehistoria.fandom.com/es/wiki/Falcarius
Ferganocephale,https://prehistoria.fandom.com/es/wiki/Ferganocephale
Fosterovenator,https://prehistoria.fandom.com/es/wiki/Fosterovenator
Fostoria dhimbangunmal,https://prehistoria.fandom.com/es/wiki/Fostoria_dhimbangunmal
Frenguellisaurus,https://prehistoria.fandom.com/es/wiki/Frenguellisaurus
Fukuiraptor,https://prehistoria.fandom.com/es/wiki/Fukuiraptor
Fukuisaurus tetoriensis,https://prehistoria.fandom.com/es/wiki/Fukuisaurus_tetoriensis
Fulgurotherium,https://prehistoria.fandom.com/es/wiki/Fulgurotherium
Futalognkosaurus,https://prehistoria.fandom.com/es/wiki/Futalognkosaurus
Galeamopus,https://prehistoria.fandom.com/es/wiki/Galeamopus
Gallimimus,https://prehistoria.fandom.com/es/wiki/Gallimimus
Galveosaurus,https://prehistoria.fandom.com/es/wiki/Galveosaurus
Gargoyleosaurus,https://prehistoria.fandom.com/es/wiki/Gargoyleosaurus
Garrigatitan,https://prehistoria.fandom.com/es/wiki/Garrigatitan
Garudimimus,https://prehistoria.fandom.com/es/wiki/Garudimimus
Gasosaurus,https://prehistoria.fandom.com/es/wiki/Gasosaurus
Gasparinisaura,https://prehistoria.fandom.com/es/wiki/Gasparinisaura
Gastonia,https://prehistoria.fandom.com/es/wiki/Gastonia
Geminiraptor,https://prehistoria.fandom.com/es/wiki/Geminiraptor
Genusaurus,https://prehistoria.fandom.com/es/wiki/Genusaurus
Genyodectes,https://prehistoria.fandom.com/es/wiki/Genyodectes
Geranosaurus,https://prehistoria.fandom.com/es/wiki/Geranosaurus
Gideonmantellia,https://prehistoria.fandom.com/es/wiki/Gideonmantellia
Giganotosaurus,https://prehistoria.fandom.com/es/wiki/Giganotosaurus
Gigantoraptor,https://prehistoria.fandom.com/es/wiki/Gigantoraptor
Gigantosaurus,https://prehistoria.fandom.com/es/wiki/Gigantosaurus
Gigantspinosaurus,https://prehistoria.fandom.com/es/wiki/Gigantspinosaurus
Gilmoreosaurus,https://prehistoria.fandom.com/es/wiki/Gilmoreosaurus
Giraffatitan,https://prehistoria.fandom.com/es/wiki/Giraffatitan
Glacialisaurus,https://prehistoria.fandom.com/es/wiki/Glacialisaurus
Glyptodontopelta,https://prehistoria.fandom.com/es/wiki/Glyptodontopelta
Gnathovorax,https://prehistoria.fandom.com/es/wiki/Gnathovorax
Gobisaurus,https://prehistoria.fandom.com/es/wiki/Gobisaurus
Gobititan,https://prehistoria.fandom.com/es/wiki/Gobititan
Gobivenator,https://prehistoria.fandom.com/es/wiki/Gobivenator
Gojirasaurus,https://prehistoria.fandom.com/es/wiki/Gojirasaurus
Gondwanatitan,https://prehistoria.fandom.com/es/wiki/Gondwanatitan
Gongxianosaurus,https://prehistoria.fandom.com/es/wiki/Gongxianosaurus
Gorgosaurus,https://prehistoria.fandom.com/es/wiki/Gorgosaurus
Goyocephale,https://prehistoria.fandom.com/es/wiki/Goyocephale
Graciliceratops,https://prehistoria.fandom.com/es/wiki/Graciliceratops
Graciliraptor,https://prehistoria.fandom.com/es/wiki/Graciliraptor
Gravitholus,https://prehistoria.fandom.com/es/wiki/Gravitholus
Gryponyx,https://prehistoria.fandom.com/es/wiki/Gryponyx
Guaibasaurus,https://prehistoria.fandom.com/es/wiki/Guaibasaurus
Gualicho,https://prehistoria.fandom.com/es/wiki/Gualicho
Guanlong,https://prehistoria.fandom.com/es/wiki/Guanlong
Guidraco,https://prehistoria.fandom.com/es/wiki/Guidraco
Hadrosaurido antártico,https://prehistoria.fandom.com/es/wiki/Hadrosaurido_ant%C3%A1rtico
Hadrosaurus,https://prehistoria.fandom.com/es/wiki/Hadrosaurus
Hagryphus,https://prehistoria.fandom.com/es/wiki/Hagryphus
Halszkaraptor escuilliei,https://prehistoria.fandom.com/es/wiki/Halszkaraptor_escuilliei
Halticosaurus,https://prehistoria.fandom.com/es/wiki/Halticosaurus
Hamititan,https://prehistoria.fandom.com/es/wiki/Hamititan
Haplocanthosaurus,https://prehistoria.fandom.com/es/wiki/Haplocanthosaurus
Haplocheirus,https://prehistoria.fandom.com/es/wiki/Haplocheirus
Harpymimus,https://prehistoria.fandom.com/es/wiki/Harpymimus
Heptasteornis,https://prehistoria.fandom.com/es/wiki/Heptasteornis
Herrerasaurus,https://prehistoria.fandom.com/es/wiki/Herrerasaurus
Hesperonychus,https://prehistoria.fandom.com/es/wiki/Hesperonychus
Hesperornithoides,https://prehistoria.fandom.com/es/wiki/Hesperornithoides
Hesperosaurus,https://prehistoria.fandom.com/es/wiki/Hesperosaurus
Heterodontosaurus,https://prehistoria.fandom.com/es/wiki/Heterodontosaurus
Hexing,https://prehistoria.fandom.com/es/wiki/Hexing
Hexinlusaurus,https://prehistoria.fandom.com/es/wiki/Hexinlusaurus
Heyuannia,https://prehistoria.fandom.com/es/wiki/Heyuannia
Hippodraco,https://prehistoria.fandom.com/es/wiki/Hippodraco
Histriasaurus,https://prehistoria.fandom.com/es/wiki/Histriasaurus
Homalocephale,https://prehistoria.fandom.com/es/wiki/Homalocephale
Hoplitosaurus,https://prehistoria.fandom.com/es/wiki/Hoplitosaurus
Huaxiaosaurus,https://prehistoria.fandom.com/es/wiki/Huaxiaosaurus
Huayangosaurus,https://prehistoria.fandom.com/es/wiki/Huayangosaurus
Hudiesaurus,https://prehistoria.fandom.com/es/wiki/Hudiesaurus
Huehuecanauhtlus,https://prehistoria.fandom.com/es/wiki/Huehuecanauhtlus
Huinculsaurus,https://prehistoria.fandom.com/es/wiki/Huinculsaurus
Hulsanpes,https://prehistoria.fandom.com/es/wiki/Hulsanpes
Hungarosaurus,https://prehistoria.fandom.com/es/wiki/Hungarosaurus
Hylaeosaurus,https://prehistoria.fandom.com/es/wiki/Hylaeosaurus
Hypacrosaurus,https://prehistoria.fandom.com/es/wiki/Hypacrosaurus
Hypselosaurus,https://prehistoria.fandom.com/es/wiki/Hypselosaurus
Hypsilophodon,https://prehistoria.fandom.com/es/wiki/Hypsilophodon
Ichthyovenator,https://prehistoria.fandom.com/es/wiki/Ichthyovenator
Iguanacolossus,https://prehistoria.fandom.com/es/wiki/Iguanacolossus
Iguanodon,https://prehistoria.fandom.com/es/wiki/Iguanodon
Iguanodontidae,https://prehistoria.fandom.com/es/wiki/Iguanodontidae
Ilokelesia,https://prehistoria.fandom.com/es/wiki/Ilokelesia
Imperobator,https://prehistoria.fandom.com/es/wiki/Imperobator
Incisivosaurus,https://prehistoria.fandom.com/es/wiki/Incisivosaurus
Indosaurus,https://prehistoria.fandom.com/es/wiki/Indosaurus
Indosuchus,https://prehistoria.fandom.com/es/wiki/Indosuchus
Ingentia,https://prehistoria.fandom.com/es/wiki/Ingentia
Irisosaurus,https://prehistoria.fandom.com/es/wiki/Irisosaurus
Irritator,https://prehistoria.fandom.com/es/wiki/Irritator
Isaberrysaura,https://prehistoria.fandom.com/es/wiki/Isaberrysaura
Isanosaurus,https://prehistoria.fandom.com/es/wiki/Isanosaurus
Ischisaurus,https://prehistoria.fandom.com/es/wiki/Ischisaurus
Ischyrosaurus,https://prehistoria.fandom.com/es/wiki/Ischyrosaurus
Isisaurus,https://prehistoria.fandom.com/es/wiki/Isisaurus
Issi,https://prehistoria.fandom.com/es/wiki/Issi
Itapeuasaurus,https://prehistoria.fandom.com/es/wiki/Itapeuasaurus
Itemirus,https://prehistoria.fandom.com/es/wiki/Itemirus
Jainosaurus,https://prehistoria.fandom.com/es/wiki/Jainosaurus
Jaxartosaurus,https://prehistoria.fandom.com/es/wiki/Jaxartosaurus
Jeholosaurus,https://prehistoria.fandom.com/es/wiki/Jeholosaurus
Jiangjunmiaosaurus,https://prehistoria.fandom.com/es/wiki/Jiangjunmiaosaurus
Jiangjunosaurus,https://prehistoria.fandom.com/es/wiki/Jiangjunosaurus
Jiangxisaurus,https://prehistoria.fandom.com/es/wiki/Jiangxisaurus
Jinbeisaurus,https://prehistoria.fandom.com/es/wiki/Jinbeisaurus
Jinfengopteryx,https://prehistoria.fandom.com/es/wiki/Jinfengopteryx
Jingshanosaurus,https://prehistoria.fandom.com/es/wiki/Jingshanosaurus
Jintasaurus,https://prehistoria.fandom.com/es/wiki/Jintasaurus
Jobaria,https://prehistoria.fandom.com/es/wiki/Jobaria
Jubbulpuria,https://prehistoria.fandom.com/es/wiki/Jubbulpuria
Juratyrant,https://prehistoria.fandom.com/es/wiki/Juratyrant
Juravenator,https://prehistoria.fandom.com/es/wiki/Juravenator
Kaatedocus,https://prehistoria.fandom.com/es/wiki/Kaatedocus
Kaijiangosaurus,https://prehistoria.fandom.com/es/wiki/Kaijiangosaurus
Kakuru,https://prehistoria.fandom.com/es/wiki/Kakuru
Kamuysaurus,https://prehistoria.fandom.com/es/wiki/Kamuysaurus
Kangnasaurus,https://prehistoria.fandom.com/es/wiki/Kangnasaurus
Karongasaurus,https://prehistoria.fandom.com/es/wiki/Karongasaurus
Katepensaurus,https://prehistoria.fandom.com/es/wiki/Katepensaurus
Katsuyamasaurus,https://prehistoria.fandom.com/es/wiki/Katsuyamasaurus
Kazaklambia,https://prehistoria.fandom.com/es/wiki/Kazaklambia
Kelmayisaurus,https://prehistoria.fandom.com/es/wiki/Kelmayisaurus
Kentrosaurus,https://prehistoria.fandom.com/es/wiki/Kentrosaurus
Khaan,https://prehistoria.fandom.com/es/wiki/Khaan
Kholumolumo,https://prehistoria.fandom.com/es/wiki/Kholumolumo
Kileskus,https://prehistoria.fandom.com/es/wiki/Kileskus
Kol,https://prehistoria.fandom.com/es/wiki/Kol
Koparion,https://prehistoria.fandom.com/es/wiki/Koparion
Koreaceratops,https://prehistoria.fandom.com/es/wiki/Koreaceratops
Koreanosaurus,https://prehistoria.fandom.com/es/wiki/Koreanosaurus
Kosmoceratops,https://prehistoria.fandom.com/es/wiki/Kosmoceratops
Kotasaurus,https://prehistoria.fandom.com/es/wiki/Kotasaurus
Kritosaurus,https://prehistoria.fandom.com/es/wiki/Kritosaurus
Kryptops,https://prehistoria.fandom.com/es/wiki/Kryptops
Kulindadromeus,https://prehistoria.fandom.com/es/wiki/Kulindadromeus
Kunbarrasaurus,https://prehistoria.fandom.com/es/wiki/Kunbarrasaurus
Kunmingosaurus,https://prehistoria.fandom.com/es/wiki/Kunmingosaurus
Kurupi,https://prehistoria.fandom.com/es/wiki/Kurupi
Labocania,https://prehistoria.fandom.com/es/wiki/Labocania
Laevisuchus,https://prehistoria.fandom.com/es/wiki/Laevisuchus
Lajasvenator,https://prehistoria.fandom.com/es/wiki/Lajasvenator
Lambeosaurino argentino,https://prehistoria.fandom.com/es/wiki/Lambeosaurino_argentino
Lambeosaurus,https://prehistoria.fandom.com/es/wiki/Lambeosaurus
Lametasaurus,https://prehistoria.fandom.com/es/wiki/Lametasaurus
Lanasaurus,https://prehistoria.fandom.com/es/wiki/Lanasaurus
Laosaurus,https://prehistoria.fandom.com/es/wiki/Laosaurus
Lapampasaurus,https://prehistoria.fandom.com/es/wiki/Lapampasaurus
Laplatasaurus,https://prehistoria.fandom.com/es/wiki/Laplatasaurus
Lapparentosaurus,https://prehistoria.fandom.com/es/wiki/Lapparentosaurus
Laquintasaura,https://prehistoria.fandom.com/es/wiki/Laquintasaura
Latenivenatrix,https://prehistoria.fandom.com/es/wiki/Latenivenatrix
Latirhinus,https://prehistoria.fandom.com/es/wiki/Latirhinus
Leaellynasaura,https://prehistoria.fandom.com/es/wiki/Leaellynasaura
Ledumahadi,https://prehistoria.fandom.com/es/wiki/Ledumahadi
Leinkupal,https://prehistoria.fandom.com/es/wiki/Leinkupal
Leptoceratops,https://prehistoria.fandom.com/es/wiki/Leptoceratops
Lesothosaurus,https://prehistoria.fandom.com/es/wiki/Lesothosaurus
Lessemsaurus,https://prehistoria.fandom.com/es/wiki/Lessemsaurus
Lexovisaurus,https://prehistoria.fandom.com/es/wiki/Lexovisaurus
Liaoceratops,https://prehistoria.fandom.com/es/wiki/Liaoceratops
Liaoningosaurus,https://prehistoria.fandom.com/es/wiki/Liaoningosaurus
Ligabueino,https://prehistoria.fandom.com/es/wiki/Ligabueino
Ligabuesaurus,https://prehistoria.fandom.com/es/wiki/Ligabuesaurus
Liliensternus,https://prehistoria.fandom.com/es/wiki/Liliensternus
Limaysaurus,https://prehistoria.fandom.com/es/wiki/Limaysaurus
Limusaurus,https://prehistoria.fandom.com/es/wiki/Limusaurus
Linheraptor,https://prehistoria.fandom.com/es/wiki/Linheraptor
Linhevenator,https://prehistoria.fandom.com/es/wiki/Linhevenator
Lirainosaurus,https://prehistoria.fandom.com/es/wiki/Lirainosaurus
Llukalkan,https://prehistoria.fandom.com/es/wiki/Llukalkan
Lognkosauria,https://prehistoria.fandom.com/es/wiki/Lognkosauria
Lohuecotitan,https://prehistoria.fandom.com/es/wiki/Lohuecotitan
Loncosaurus,https://prehistoria.fandom.com/es/wiki/Loncosaurus
Losillasaurus,https://prehistoria.fandom.com/es/wiki/Losillasaurus
Lourinhanosaurus,https://prehistoria.fandom.com/es/wiki/Lourinhanosaurus
Luanchuanraptor,https://prehistoria.fandom.com/es/wiki/Luanchuanraptor
Lucianovenator,https://prehistoria.fandom.com/es/wiki/Lucianovenator
Lufengosaurus,https://prehistoria.fandom.com/es/wiki/Lufengosaurus
Lukousaurus,https://prehistoria.fandom.com/es/wiki/Lukousaurus
Lurdusaurus,https://prehistoria.fandom.com/es/wiki/Lurdusaurus
Lusitanosaurus,https://prehistoria.fandom.com/es/wiki/Lusitanosaurus
Lusotitan,https://prehistoria.fandom.com/es/wiki/Lusotitan
Lusovenator,https://prehistoria.fandom.com/es/wiki/Lusovenator
Lythronax,https://prehistoria.fandom.com/es/wiki/Lythronax
Machairoceratops,https://prehistoria.fandom.com/es/wiki/Machairoceratops
Macrogryphosaurus,https://prehistoria.fandom.com/es/wiki/Macrogryphosaurus
Macrurosaurus,https://prehistoria.fandom.com/es/wiki/Macrurosaurus
Magnirostris,https://prehistoria.fandom.com/es/wiki/Magnirostris
Magnosaurus,https://prehistoria.fandom.com/es/wiki/Magnosaurus
Magyarosaurus,https://prehistoria.fandom.com/es/wiki/Magyarosaurus
Mahakala,https://prehistoria.fandom.com/es/wiki/Mahakala
Maiasaura,https://prehistoria.fandom.com/es/wiki/Maiasaura
Majungasaurus,https://prehistoria.fandom.com/es/wiki/Majungasaurus
Malawisaurus,https://prehistoria.fandom.com/es/wiki/Malawisaurus
Mamenchisauridae,https://prehistoria.fandom.com/es/wiki/Mamenchisauridae
Mamenchisaurus,https://prehistoria.fandom.com/es/wiki/Mamenchisaurus
Mandschurosaurus,https://prehistoria.fandom.com/es/wiki/Mandschurosaurus
Manidens,https://prehistoria.fandom.com/es/wiki/Manidens
Mansourasaurus,https://prehistoria.fandom.com/es/wiki/Mansourasaurus
Mantellisaurus,https://prehistoria.fandom.com/es/wiki/Mantellisaurus
Mapusaurus,https://prehistoria.fandom.com/es/wiki/Mapusaurus
Maraapunisaurus,https://prehistoria.fandom.com/es/wiki/Maraapunisaurus
Marshosaurus,https://prehistoria.fandom.com/es/wiki/Marshosaurus
Martharaptor,https://prehistoria.fandom.com/es/wiki/Martharaptor
Masiakasaurus,https://prehistoria.fandom.com/es/wiki/Masiakasaurus
Massospondylus,https://prehistoria.fandom.com/es/wiki/Massospondylus
Matheronodon,https://prehistoria.fandom.com/es/wiki/Matheronodon
Maxakalisaurus,https://prehistoria.fandom.com/es/wiki/Maxakalisaurus
Medusaceratops,https://prehistoria.fandom.com/es/wiki/Medusaceratops
Megalosauridae,https://prehistoria.fandom.com/es/wiki/Megalosauridae
Megalosauroidea,https://prehistoria.fandom.com/es/wiki/Megalosauroidea
Megalosaurus,https://prehistoria.fandom.com/es/wiki/Megalosaurus
Megapnosaurus,https://prehistoria.fandom.com/es/wiki/Megapnosaurus
Megaraptor,https://prehistoria.fandom.com/es/wiki/Megaraptor
Mei,https://prehistoria.fandom.com/es/wiki/Mei
Melanorosaurus,https://prehistoria.fandom.com/es/wiki/Melanorosaurus
Mendozasaurus,https://prehistoria.fandom.com/es/wiki/Mendozasaurus
Metriacanthosauridae,https://prehistoria.fandom.com/es/wiki/Metriacanthosauridae
Metriacanthosaurus,https://prehistoria.fandom.com/es/wiki/Metriacanthosaurus
Microceratus,https://prehistoria.fandom.com/es/wiki/Microceratus
Micropachycephalosaurus,https://prehistoria.fandom.com/es/wiki/Micropachycephalosaurus
Microraptor,https://prehistoria.fandom.com/es/wiki/Microraptor
Microraptorinae,https://prehistoria.fandom.com/es/wiki/Microraptorinae
Mierasaurus,https://prehistoria.fandom.com/es/wiki/Mierasaurus
Minmi,https://prehistoria.fandom.com/es/wiki/Minmi
Minotaurasaurus,https://prehistoria.fandom.com/es/wiki/Minotaurasaurus
Miragaia,https://prehistoria.fandom.com/es/wiki/Miragaia
Mirischia,https://prehistoria.fandom.com/es/wiki/Mirischia
Mnyamawamtuka,https://prehistoria.fandom.com/es/wiki/Mnyamawamtuka
Moabosaurus,https://prehistoria.fandom.com/es/wiki/Moabosaurus
Monkonosaurus,https://prehistoria.fandom.com/es/wiki/Monkonosaurus
Monolophosaurus,https://prehistoria.fandom.com/es/wiki/Monolophosaurus
Mononykus,https://prehistoria.fandom.com/es/wiki/Mononykus
Montanoceratops,https://prehistoria.fandom.com/es/wiki/Montanoceratops
Morelladon,https://prehistoria.fandom.com/es/wiki/Morelladon
Moros,https://prehistoria.fandom.com/es/wiki/Moros
Morrosaurus,https://prehistoria.fandom.com/es/wiki/Morrosaurus
Mussaurus,https://prehistoria.fandom.com/es/wiki/Mussaurus
Muttaburrasaurus,https://prehistoria.fandom.com/es/wiki/Muttaburrasaurus
Muyelensaurus,https://prehistoria.fandom.com/es/wiki/Muyelensaurus
Mycocephale,https://prehistoria.fandom.com/es/wiki/Mycocephale
Mymoorapelta,https://prehistoria.fandom.com/es/wiki/Mymoorapelta
Naashobitosaurus,https://prehistoria.fandom.com/es/wiki/Naashobitosaurus
Nanosaurus,https://prehistoria.fandom.com/es/wiki/Nanosaurus
Nanotyrannus,https://prehistoria.fandom.com/es/wiki/Nanotyrannus
Nanuqsaurus,https://prehistoria.fandom.com/es/wiki/Nanuqsaurus
Narindasaurus,https://prehistoria.fandom.com/es/wiki/Narindasaurus
Nasutoceratops,https://prehistoria.fandom.com/es/wiki/Nasutoceratops
Navajoceratops,https://prehistoria.fandom.com/es/wiki/Navajoceratops
Nedoceratops,https://prehistoria.fandom.com/es/wiki/Nedoceratops
Nemegtosauridae,https://prehistoria.fandom.com/es/wiki/Nemegtosauridae
Nemegtosaurus,https://prehistoria.fandom.com/es/wiki/Nemegtosaurus
Neovenator,https://prehistoria.fandom.com/es/wiki/Neovenator
Neovenatoridae,https://prehistoria.fandom.com/es/wiki/Neovenatoridae
Neuquenraptor,https://prehistoria.fandom.com/es/wiki/Neuquenraptor
Neuquensaurus,https://prehistoria.fandom.com/es/wiki/Neuquensaurus
Nigersaurus,https://prehistoria.fandom.com/es/wiki/Nigersaurus
Ningyuansaurus,https://prehistoria.fandom.com/es/wiki/Ningyuansaurus
Ninjatitan,https://prehistoria.fandom.com/es/wiki/Ninjatitan
Niobrarasaurus,https://prehistoria.fandom.com/es/wiki/Niobrarasaurus
Noasauridae,https://prehistoria.fandom.com/es/wiki/Noasauridae
Noasaurus,https://prehistoria.fandom.com/es/wiki/Noasaurus
Nodosaurus,https://prehistoria.fandom.com/es/wiki/Nodosaurus
Nomingia,https://prehistoria.fandom.com/es/wiki/Nomingia
Nothohypsilophodon,https://prehistoria.fandom.com/es/wiki/Nothohypsilophodon
Nothronychus,https://prehistoria.fandom.com/es/wiki/Nothronychus
Notoceratops,https://prehistoria.fandom.com/es/wiki/Notoceratops
Nototyrannus,https://prehistoria.fandom.com/es/wiki/Nototyrannus
Nqwebasaurus,https://prehistoria.fandom.com/es/wiki/Nqwebasaurus
Nullotitan,https://prehistoria.fandom.com/es/wiki/Nullotitan
Nurosaurus,https://prehistoria.fandom.com/es/wiki/Nurosaurus
Nuthetes,https://prehistoria.fandom.com/es/wiki/Nuthetes
Nuukyraptor,https://prehistoria.fandom.com/es/wiki/Nuukyraptor
Nyasasaurus,https://prehistoria.fandom.com/es/wiki/Nyasasaurus
Oceanotitan,https://prehistoria.fandom.com/es/wiki/Oceanotitan
Ohmdenosaurus,https://prehistoria.fandom.com/es/wiki/Ohmdenosaurus
Ojoceratops,https://prehistoria.fandom.com/es/wiki/Ojoceratops
Ojoraptorsaurus,https://prehistoria.fandom.com/es/wiki/Ojoraptorsaurus
Oksoko,https://prehistoria.fandom.com/es/wiki/Oksoko
Olorotitan,https://prehistoria.fandom.com/es/wiki/Olorotitan
Omeisaurus,https://prehistoria.fandom.com/es/wiki/Omeisaurus
Opisthocoelicaudia,https://prehistoria.fandom.com/es/wiki/Opisthocoelicaudia
Orkoraptor,https://prehistoria.fandom.com/es/wiki/Orkoraptor
Categoría:Ornithischia,https://prehistoria.fandom.com/es/wiki/Categor%C3%ADa:Ornithischia
Ornitholestes,https://prehistoria.fandom.com/es/wiki/Ornitholestes
Ornithomimus,https://prehistoria.fandom.com/es/wiki/Ornithomimus
Ornithopoda,https://prehistoria.fandom.com/es/wiki/Ornithopoda
Orodromeus,https://prehistoria.fandom.com/es/wiki/Orodromeus
Oryctodromeus,https://prehistoria.fandom.com/es/wiki/Oryctodromeus
Ostafrikasaurus,https://prehistoria.fandom.com/es/wiki/Ostafrikasaurus
Ostromia,https://prehistoria.fandom.com/es/wiki/Ostromia
Othnielia,https://prehistoria.fandom.com/es/wiki/Othnielia
Othnielosaurus,https://prehistoria.fandom.com/es/wiki/Othnielosaurus
Ouranosaurus,https://prehistoria.fandom.com/es/wiki/Ouranosaurus
Overoraptor,https://prehistoria.fandom.com/es/wiki/Overoraptor
Overosaurus,https://prehistoria.fandom.com/es/wiki/Overosaurus
Oviraptor,https://prehistoria.fandom.com/es/wiki/Oviraptor
Oviraptorosauria,https://prehistoria.fandom.com/es/wiki/Oviraptorosauria
Oxalaia,https://prehistoria.fandom.com/es/wiki/Oxalaia
Ozraptor,https://prehistoria.fandom.com/es/wiki/Ozraptor
Pachycephalosauridae,https://prehistoria.fandom.com/es/wiki/Pachycephalosauridae
Pachycephalosaurus,https://prehistoria.fandom.com/es/wiki/Pachycephalosaurus
Pachyrhinosaurus,https://prehistoria.fandom.com/es/wiki/Pachyrhinosaurus
Padillasaurus,https://prehistoria.fandom.com/es/wiki/Padillasaurus
Paludititan nalatzensis,https://prehistoria.fandom.com/es/wiki/Paludititan_nalatzensis
Paluxysaurus,https://prehistoria.fandom.com/es/wiki/Paluxysaurus
Pamparaptor,https://prehistoria.fandom.com/es/wiki/Pamparaptor
Pandoravenator,https://prehistoria.fandom.com/es/wiki/Pandoravenator
Panoplosaurus,https://prehistoria.fandom.com/es/wiki/Panoplosaurus
Panphagia,https://prehistoria.fandom.com/es/wiki/Panphagia
Paralititan,https://prehistoria.fandom.com/es/wiki/Paralititan
Paranthodon,https://prehistoria.fandom.com/es/wiki/Paranthodon
Parasaurolophus,https://prehistoria.fandom.com/es/wiki/Parasaurolophus
Paraxenisaurus,https://prehistoria.fandom.com/es/wiki/Paraxenisaurus
Parksosaurus,https://prehistoria.fandom.com/es/wiki/Parksosaurus
Paronychodon,https://prehistoria.fandom.com/es/wiki/Paronychodon
Parvicursor,https://prehistoria.fandom.com/es/wiki/Parvicursor
Patagonykus,https://prehistoria.fandom.com/es/wiki/Patagonykus
Patagosaurus,https://prehistoria.fandom.com/es/wiki/Patagosaurus
Patagotitan,https://prehistoria.fandom.com/es/wiki/Patagotitan
Pectinodon,https://prehistoria.fandom.com/es/wiki/Pectinodon
Pedopenna,https://prehistoria.fandom.com/es/wiki/Pedopenna
Pegomastax,https://prehistoria.fandom.com/es/wiki/Pegomastax
Pelecanimimus,https://prehistoria.fandom.com/es/wiki/Pelecanimimus
Pellegrinisaurus,https://prehistoria.fandom.com/es/wiki/Pellegrinisaurus
Peloroplites,https://prehistoria.fandom.com/es/wiki/Peloroplites
Pelorosaurus,https://prehistoria.fandom.com/es/wiki/Pelorosaurus
Pendraig,https://prehistoria.fandom.com/es/wiki/Pendraig
Pentaceratops,https://prehistoria.fandom.com/es/wiki/Pentaceratops
Phaedrolosaurus,https://prehistoria.fandom.com/es/wiki/Phaedrolosaurus
Philovenator,https://prehistoria.fandom.com/es/wiki/Philovenator
Piatnitzkysauridae,https://prehistoria.fandom.com/es/wiki/Piatnitzkysauridae
Piatnitzkysaurus,https://prehistoria.fandom.com/es/wiki/Piatnitzkysaurus
Pilmatueia,https://prehistoria.fandom.com/es/wiki/Pilmatueia
Pinacosaurus,https://prehistoria.fandom.com/es/wiki/Pinacosaurus
Pisanosaurus,https://prehistoria.fandom.com/es/wiki/Pisanosaurus
Planicoxa,https://prehistoria.fandom.com/es/wiki/Planicoxa
Plateosaurus,https://prehistoria.fandom.com/es/wiki/Plateosaurus
Pleurocoelus,https://prehistoria.fandom.com/es/wiki/Pleurocoelus
Pneumatoraptor,https://prehistoria.fandom.com/es/wiki/Pneumatoraptor
Podokesaurus,https://prehistoria.fandom.com/es/wiki/Podokesaurus
Poekilopleuron,https://prehistoria.fandom.com/es/wiki/Poekilopleuron
Polacanthus,https://prehistoria.fandom.com/es/wiki/Polacanthus
Prenocephale,https://prehistoria.fandom.com/es/wiki/Prenocephale
Proa,https://prehistoria.fandom.com/es/wiki/Proa
Probactrosaurus,https://prehistoria.fandom.com/es/wiki/Probactrosaurus
Proceratosauridae,https://prehistoria.fandom.com/es/wiki/Proceratosauridae
Proceratosaurus,https://prehistoria.fandom.com/es/wiki/Proceratosaurus
Procompsognathus,https://prehistoria.fandom.com/es/wiki/Procompsognathus
Propanoplosaurus,https://prehistoria.fandom.com/es/wiki/Propanoplosaurus
Prosaurolophus,https://prehistoria.fandom.com/es/wiki/Prosaurolophus
Prosauropoda,https://prehistoria.fandom.com/es/wiki/Prosauropoda
Protarchaeopteryx,https://prehistoria.fandom.com/es/wiki/Protarchaeopteryx
Protoavis,https://prehistoria.fandom.com/es/wiki/Protoavis
Protoceratops,https://prehistoria.fandom.com/es/wiki/Protoceratops
Protohadros,https://prehistoria.fandom.com/es/wiki/Protohadros
Psittacosaurus,https://prehistoria.fandom.com/es/wiki/Psittacosaurus
Puertasaurus,https://prehistoria.fandom.com/es/wiki/Puertasaurus
Punatitan,https://prehistoria.fandom.com/es/wiki/Punatitan
Pycnonemosaurus,https://prehistoria.fandom.com/es/wiki/Pycnonemosaurus
Pyroraptor,https://prehistoria.fandom.com/es/wiki/Pyroraptor
Qantassaurus,https://prehistoria.fandom.com/es/wiki/Qantassaurus
Qianzhousaurus,https://prehistoria.fandom.com/es/wiki/Qianzhousaurus
Qiaowanlong,https://prehistoria.fandom.com/es/wiki/Qiaowanlong
Qiupanykus,https://prehistoria.fandom.com/es/wiki/Qiupanykus
Quaesitosaurus,https://prehistoria.fandom.com/es/wiki/Quaesitosaurus
Quilmesaurus,https://prehistoria.fandom.com/es/wiki/Quilmesaurus
Rahonavis,https://prehistoria.fandom.com/es/wiki/Rahonavis
Rajasaurus,https://prehistoria.fandom.com/es/wiki/Rajasaurus
Rapator,https://prehistoria.fandom.com/es/wiki/Rapator
Rapetosaurus,https://prehistoria.fandom.com/es/wiki/Rapetosaurus
Raptorex,https://prehistoria.fandom.com/es/wiki/Raptorex
Rativates,https://prehistoria.fandom.com/es/wiki/Rativates
Rayososaurus,https://prehistoria.fandom.com/es/wiki/Rayososaurus
Rebbachisauridae,https://prehistoria.fandom.com/es/wiki/Rebbachisauridae
Rebbachisaurus,https://prehistoria.fandom.com/es/wiki/Rebbachisaurus
Regaliceratops,https://prehistoria.fandom.com/es/wiki/Regaliceratops
Regnosaurus,https://prehistoria.fandom.com/es/wiki/Regnosaurus
Revueltoraptor,https://prehistoria.fandom.com/es/wiki/Revueltoraptor
Rhabdodon,https://prehistoria.fandom.com/es/wiki/Rhabdodon
Rhinorex,https://prehistoria.fandom.com/es/wiki/Rhinorex
Rhoetosaurus,https://prehistoria.fandom.com/es/wiki/Rhoetosaurus
Riabininohadros,https://prehistoria.fandom.com/es/wiki/Riabininohadros
Richardoestesia,https://prehistoria.fandom.com/es/wiki/Richardoestesia
Rinchenia,https://prehistoria.fandom.com/es/wiki/Rinchenia
Rinconsauridae,https://prehistoria.fandom.com/es/wiki/Rinconsauridae
Rinconsaurus,https://prehistoria.fandom.com/es/wiki/Rinconsaurus
Riojasaurus,https://prehistoria.fandom.com/es/wiki/Riojasaurus
Riparovenator,https://prehistoria.fandom.com/es/wiki/Riparovenator
Rubeosaurus,https://prehistoria.fandom.com/es/wiki/Rubeosaurus
Rugops,https://prehistoria.fandom.com/es/wiki/Rugops
Rukwatitan,https://prehistoria.fandom.com/es/wiki/Rukwatitan
Saichania,https://prehistoria.fandom.com/es/wiki/Saichania
Saltasauridae,https://prehistoria.fandom.com/es/wiki/Saltasauridae
Saltasaurus,https://prehistoria.fandom.com/es/wiki/Saltasaurus
Saltillomimus,https://prehistoria.fandom.com/es/wiki/Saltillomimus
Saltriosaurus,https://prehistoria.fandom.com/es/wiki/Saltriosaurus
Saltriovenator,https://prehistoria.fandom.com/es/wiki/Saltriovenator
Santanaraptor,https://prehistoria.fandom.com/es/wiki/Santanaraptor
Sarcosaurus,https://prehistoria.fandom.com/es/wiki/Sarcosaurus
Sarmientosaurus,https://prehistoria.fandom.com/es/wiki/Sarmientosaurus
Saturnalia,https://prehistoria.fandom.com/es/wiki/Saturnalia
Categoría:Saurischia,https://prehistoria.fandom.com/es/wiki/Categor%C3%ADa:Saurischia
Saurischia,https://prehistoria.fandom.com/es/wiki/Saurischia
Saurolophus,https://prehistoria.fandom.com/es/wiki/Saurolophus
Sauroniops,https://prehistoria.fandom.com/es/wiki/Sauroniops
Sauropelta,https://prehistoria.fandom.com/es/wiki/Sauropelta
Saurophaganax,https://prehistoria.fandom.com/es/wiki/Saurophaganax
Sauropoda,https://prehistoria.fandom.com/es/wiki/Sauropoda
Sauroposeidon,https://prehistoria.fandom.com/es/wiki/Sauroposeidon
Saurornithoides,https://prehistoria.fandom.com/es/wiki/Saurornithoides
Saurornitholestes,https://prehistoria.fandom.com/es/wiki/Saurornitholestes
Savannasaurus,https://prehistoria.fandom.com/es/wiki/Savannasaurus
Scansoriopteryx,https://prehistoria.fandom.com/es/wiki/Scansoriopteryx
Scelidosaurus,https://prehistoria.fandom.com/es/wiki/Scelidosaurus
Schleitheimia,https://prehistoria.fandom.com/es/wiki/Schleitheimia
Scipionyx,https://prehistoria.fandom.com/es/wiki/Scipionyx
Sciurumimus,https://prehistoria.fandom.com/es/wiki/Sciurumimus
Scutellosaurus,https://prehistoria.fandom.com/es/wiki/Scutellosaurus
Secernosaurus,https://prehistoria.fandom.com/es/wiki/Secernosaurus
Segisaurus,https://prehistoria.fandom.com/es/wiki/Segisaurus
Segnosaurus,https://prehistoria.fandom.com/es/wiki/Segnosaurus
Seismosaurus,https://prehistoria.fandom.com/es/wiki/Seismosaurus
Seitaad,https://prehistoria.fandom.com/es/wiki/Seitaad
Sellosaurus,https://prehistoria.fandom.com/es/wiki/Sellosaurus
Shamosaurus,https://prehistoria.fandom.com/es/wiki/Shamosaurus
Shanag,https://prehistoria.fandom.com/es/wiki/Shanag
Shantungosaurus,https://prehistoria.fandom.com/es/wiki/Shantungosaurus
Shaochilong,https://prehistoria.fandom.com/es/wiki/Shaochilong
Shenzhousaurus,https://prehistoria.fandom.com/es/wiki/Shenzhousaurus
Shidaisaurus,https://prehistoria.fandom.com/es/wiki/Shidaisaurus
Shri,https://prehistoria.fandom.com/es/wiki/Shri
Shunosaurus,https://prehistoria.fandom.com/es/wiki/Shunosaurus
Shuvuuia,https://prehistoria.fandom.com/es/wiki/Shuvuuia
Siamosaurus suteethorni,https://prehistoria.fandom.com/es/wiki/Siamosaurus_suteethorni
Siamotyrannus,https://prehistoria.fandom.com/es/wiki/Siamotyrannus
Siats,https://prehistoria.fandom.com/es/wiki/Siats
Sierraceratops,https://prehistoria.fandom.com/es/wiki/Sierraceratops
Sigilmassasaurus,https://prehistoria.fandom.com/es/wiki/Sigilmassasaurus
Silutitan,https://prehistoria.fandom.com/es/wiki/Silutitan
Silvisaurus,https://prehistoria.fandom.com/es/wiki/Silvisaurus
Sinankylosaurus,https://prehistoria.fandom.com/es/wiki/Sinankylosaurus
Sinocalliopteryx,https://prehistoria.fandom.com/es/wiki/Sinocalliopteryx
Sinoceratops,https://prehistoria.fandom.com/es/wiki/Sinoceratops
Sinopliosaurus (dinosaurio),https://prehistoria.fandom.com/es/wiki/Sinopliosaurus_(dinosaurio)
Sinornithoides,https://prehistoria.fandom.com/es/wiki/Sinornithoides
Sinornithomimus,https://prehistoria.fandom.com/es/wiki/Sinornithomimus
Sinornithosaurus,https://prehistoria.fandom.com/es/wiki/Sinornithosaurus
Sinosauropteryx,https://prehistoria.fandom.com/es/wiki/Sinosauropteryx
Sinosaurus,https://prehistoria.fandom.com/es/wiki/Sinosaurus
Sinotyrannus,https://prehistoria.fandom.com/es/wiki/Sinotyrannus
Sinovenator,https://prehistoria.fandom.com/es/wiki/Sinovenator
Sinraptor,https://prehistoria.fandom.com/es/wiki/Sinraptor
Sinusonasus,https://prehistoria.fandom.com/es/wiki/Sinusonasus
Skorpiovenator,https://prehistoria.fandom.com/es/wiki/Skorpiovenator
Sonorasaurus,https://prehistoria.fandom.com/es/wiki/Sonorasaurus
Spectrovenator,https://prehistoria.fandom.com/es/wiki/Spectrovenator
Sphaerotholus,https://prehistoria.fandom.com/es/wiki/Sphaerotholus
Spiclypeus,https://prehistoria.fandom.com/es/wiki/Spiclypeus
Spicomellus,https://prehistoria.fandom.com/es/wiki/Spicomellus
Spinophorosaurus,https://prehistoria.fandom.com/es/wiki/Spinophorosaurus
Spinosauridae,https://prehistoria.fandom.com/es/wiki/Spinosauridae
Spinosaurinae,https://prehistoria.fandom.com/es/wiki/Spinosaurinae
Spinosaurus,https://prehistoria.fandom.com/es/wiki/Spinosaurus
Spinostropheus,https://prehistoria.fandom.com/es/wiki/Spinostropheus
Staurikosaurus,https://prehistoria.fandom.com/es/wiki/Staurikosaurus
Stegoceras,https://prehistoria.fandom.com/es/wiki/Stegoceras
Stegopelta,https://prehistoria.fandom.com/es/wiki/Stegopelta
Stegosauria,https://prehistoria.fandom.com/es/wiki/Stegosauria
Stegosaurio neuquino,https://prehistoria.fandom.com/es/wiki/Stegosaurio_neuquino
Stegosaurus,https://prehistoria.fandom.com/es/wiki/Stegosaurus
Stegouros,https://prehistoria.fandom.com/es/wiki/Stegouros
Stellasaurus,https://prehistoria.fandom.com/es/wiki/Stellasaurus
Stenonychosaurus,https://prehistoria.fandom.com/es/wiki/Stenonychosaurus
Stenopelix,https://prehistoria.fandom.com/es/wiki/Stenopelix
Stokesosaurus,https://prehistoria.fandom.com/es/wiki/Stokesosaurus
Streptospondylus,https://prehistoria.fandom.com/es/wiki/Streptospondylus
Struthiomimus,https://prehistoria.fandom.com/es/wiki/Struthiomimus
Struthiosaurus,https://prehistoria.fandom.com/es/wiki/Struthiosaurus
Stygimoloch,https://prehistoria.fandom.com/es/wiki/Stygimoloch
Styracosaurus,https://prehistoria.fandom.com/es/wiki/Styracosaurus
Suchomimus,https://prehistoria.fandom.com/es/wiki/Suchomimus
Suchosaurus,https://prehistoria.fandom.com/es/wiki/Suchosaurus
Usuario Blog:Supergoji93/Amphicoelias,https://prehistoria.fandom.com/es/wiki/Usuario_Blog:Supergoji93/Amphicoelias
Usuario Blog:Supergoji93/Taurovenator,https://prehistoria.fandom.com/es/wiki/Usuario_Blog:Supergoji93/Taurovenator
Usuario Blog:Supergoji93/Timurlengia,https://prehistoria.fandom.com/es/wiki/Usuario_Blog:Supergoji93/Timurlengia
Usuario Blog:Supergoji93/Wannanosaurus,https://prehistoria.fandom.com/es/wiki/Usuario_Blog:Supergoji93/Wannanosaurus
Supersaurus,https://prehistoria.fandom.com/es/wiki/Supersaurus
Suskityrannus,https://prehistoria.fandom.com/es/wiki/Suskityrannus
Suzhousaurus,https://prehistoria.fandom.com/es/wiki/Suzhousaurus
Syntarsus,https://prehistoria.fandom.com/es/wiki/Syntarsus
Szechuanosaurus,https://prehistoria.fandom.com/es/wiki/Szechuanosaurus
Tachiraptor,https://prehistoria.fandom.com/es/wiki/Tachiraptor
Talarurus,https://prehistoria.fandom.com/es/wiki/Talarurus
Talenkauen,https://prehistoria.fandom.com/es/wiki/Talenkauen
Talos,https://prehistoria.fandom.com/es/wiki/Talos
Tanycolagreus,https://prehistoria.fandom.com/es/wiki/Tanycolagreus
Taohelong,https://prehistoria.fandom.com/es/wiki/Taohelong
Tapuiasaurus,https://prehistoria.fandom.com/es/wiki/Tapuiasaurus
Tarascosaurus,https://prehistoria.fandom.com/es/wiki/Tarascosaurus
Tarbosaurus,https://prehistoria.fandom.com/es/wiki/Tarbosaurus
Tarchia,https://prehistoria.fandom.com/es/wiki/Tarchia
Tastanvisaurus,https://prehistoria.fandom.com/es/wiki/Tastanvisaurus
Tastavinsaurus,https://prehistoria.fandom.com/es/wiki/Tastavinsaurus
Tatankaceratops,https://prehistoria.fandom.com/es/wiki/Tatankaceratops
Tataouinea,https://prehistoria.fandom.com/es/wiki/Tataouinea
Taurovenator,https://prehistoria.fandom.com/es/wiki/Taurovenator
Tazoudasaurus,https://prehistoria.fandom.com/es/wiki/Tazoudasaurus
Tehuelchesaurus,https://prehistoria.fandom.com/es/wiki/Tehuelchesaurus
Tendaguria,https://prehistoria.fandom.com/es/wiki/Tendaguria
Tenontosaurus,https://prehistoria.fandom.com/es/wiki/Tenontosaurus
Teratophoneus,https://prehistoria.fandom.com/es/wiki/Teratophoneus
Terminocavus,https://prehistoria.fandom.com/es/wiki/Terminocavus
Tethyshadros,https://prehistoria.fandom.com/es/wiki/Tethyshadros
Thanatotheristes,https://prehistoria.fandom.com/es/wiki/Thanatotheristes
Thanos simonattoi,https://prehistoria.fandom.com/es/wiki/Thanos_simonattoi
Thecocoelurus,https://prehistoria.fandom.com/es/wiki/Thecocoelurus
Thecodontosaurus,https://prehistoria.fandom.com/es/wiki/Thecodontosaurus
Therizinosaurus,https://prehistoria.fandom.com/es/wiki/Therizinosaurus
Theropoda,https://prehistoria.fandom.com/es/wiki/Theropoda
Thescelosaurus,https://prehistoria.fandom.com/es/wiki/Thescelosaurus
Tianchisaurus,https://prehistoria.fandom.com/es/wiki/Tianchisaurus
Tianyulong,https://prehistoria.fandom.com/es/wiki/Tianyulong
Tianzhenosaurus,https://prehistoria.fandom.com/es/wiki/Tianzhenosaurus
Timimus,https://prehistoria.fandom.com/es/wiki/Timimus
Timurlengia,https://prehistoria.fandom.com/es/wiki/Timurlengia
Titanoceratops,https://prehistoria.fandom.com/es/wiki/Titanoceratops
Titanosauria,https://prehistoria.fandom.com/es/wiki/Titanosauria
Titanosaurido antártico,https://prehistoria.fandom.com/es/wiki/Titanosaurido_ant%C3%A1rtico
Titanosaurus,https://prehistoria.fandom.com/es/wiki/Titanosaurus
Tlatolophus,https://prehistoria.fandom.com/es/wiki/Tlatolophus
Tochisaurus,https://prehistoria.fandom.com/es/wiki/Tochisaurus
Tornieria,https://prehistoria.fandom.com/es/wiki/Tornieria
Torosaurus,https://prehistoria.fandom.com/es/wiki/Torosaurus
Torvosaurus,https://prehistoria.fandom.com/es/wiki/Torvosaurus
Archivo:Torvosaurus.jpg,https://prehistoria.fandom.com/es/wiki/Archivo:Torvosaurus.jpg
Tototlmimus,https://prehistoria.fandom.com/es/wiki/Tototlmimus
Trachodon,https://prehistoria.fandom.com/es/wiki/Trachodon
Tralkasaurus,https://prehistoria.fandom.com/es/wiki/Tralkasaurus
Triceratops,https://prehistoria.fandom.com/es/wiki/Triceratops
Trierarchuncus,https://prehistoria.fandom.com/es/wiki/Trierarchuncus
Trinisaura,https://prehistoria.fandom.com/es/wiki/Trinisaura
Triunfosaurus,https://prehistoria.fandom.com/es/wiki/Triunfosaurus
Troodontidae,https://prehistoria.fandom.com/es/wiki/Troodontidae
Tsaagan,https://prehistoria.fandom.com/es/wiki/Tsaagan
Tsintaosaurus,https://prehistoria.fandom.com/es/wiki/Tsintaosaurus
Tuojiangosaurus,https://prehistoria.fandom.com/es/wiki/Tuojiangosaurus
Turiasauria,https://prehistoria.fandom.com/es/wiki/Turiasauria
Turiasaurus,https://prehistoria.fandom.com/es/wiki/Turiasaurus
Tylocephale,https://prehistoria.fandom.com/es/wiki/Tylocephale
Tyrannosauridae,https://prehistoria.fandom.com/es/wiki/Tyrannosauridae
Tyrannosaurinae,https://prehistoria.fandom.com/es/wiki/Tyrannosaurinae
Tyrannosauroidea,https://prehistoria.fandom.com/es/wiki/Tyrannosauroidea
Tyrannosaurus,https://prehistoria.fandom.com/es/wiki/Tyrannosaurus
Tyrannotitan,https://prehistoria.fandom.com/es/wiki/Tyrannotitan
Udanoceratops,https://prehistoria.fandom.com/es/wiki/Udanoceratops
Ugrunaaluk,https://prehistoria.fandom.com/es/wiki/Ugrunaaluk
Ultrasauros,https://prehistoria.fandom.com/es/wiki/Ultrasauros
Ultrasaurus,https://prehistoria.fandom.com/es/wiki/Ultrasaurus
Ulughbegsaurus,https://prehistoria.fandom.com/es/wiki/Ulughbegsaurus
Unaysaurus,https://prehistoria.fandom.com/es/wiki/Unaysaurus
Unenlagia,https://prehistoria.fandom.com/es/wiki/Unenlagia
Unquillosaurus,https://prehistoria.fandom.com/es/wiki/Unquillosaurus
Urbacodon,https://prehistoria.fandom.com/es/wiki/Urbacodon
Utahceratops,https://prehistoria.fandom.com/es/wiki/Utahceratops
Utahraptor,https://prehistoria.fandom.com/es/wiki/Utahraptor
Uteodon,https://prehistoria.fandom.com/es/wiki/Uteodon
Valdoraptor,https://prehistoria.fandom.com/es/wiki/Valdoraptor
Valdosaurus,https://prehistoria.fandom.com/es/wiki/Valdosaurus
Vallibonavenatrix,https://prehistoria.fandom.com/es/wiki/Vallibonavenatrix
Variraptor,https://prehistoria.fandom.com/es/wiki/Variraptor
Velafrons,https://prehistoria.fandom.com/es/wiki/Velafrons
Velociraptor,https://prehistoria.fandom.com/es/wiki/Velociraptor
Velociraptorinae,https://prehistoria.fandom.com/es/wiki/Velociraptorinae
Velocisaurus,https://prehistoria.fandom.com/es/wiki/Velocisaurus
Vespersaurus,https://prehistoria.fandom.com/es/wiki/Vespersaurus
Veterupristisaurus,https://prehistoria.fandom.com/es/wiki/Veterupristisaurus
Volgatitan,https://prehistoria.fandom.com/es/wiki/Volgatitan
Volkheimeria,https://prehistoria.fandom.com/es/wiki/Volkheimeria
Vulcanodon,https://prehistoria.fandom.com/es/wiki/Vulcanodon
Vulcanodontidae,https://prehistoria.fandom.com/es/wiki/Vulcanodontidae
Weewarrasaurus,https://prehistoria.fandom.com/es/wiki/Weewarrasaurus
Wendiceratops,https://prehistoria.fandom.com/es/wiki/Wendiceratops
Wiehenvenator,https://prehistoria.fandom.com/es/wiki/Wiehenvenator
Willinakaqe,https://prehistoria.fandom.com/es/wiki/Willinakaqe
Wintonotitan,https://prehistoria.fandom.com/es/wiki/Wintonotitan
Wuerhosaurus,https://prehistoria.fandom.com/es/wiki/Wuerhosaurus
Wulong,https://prehistoria.fandom.com/es/wiki/Wulong
Xenoceratops,https://prehistoria.fandom.com/es/wiki/Xenoceratops
Xenoposeidon,https://prehistoria.fandom.com/es/wiki/Xenoposeidon
Xenotarsosaurus,https://prehistoria.fandom.com/es/wiki/Xenotarsosaurus
Xiangornis,https://prehistoria.fandom.com/es/wiki/Xiangornis
Xinjiangovenator,https://prehistoria.fandom.com/es/wiki/Xinjiangovenator
Xinjiangtitan,https://prehistoria.fandom.com/es/wiki/Xinjiangtitan
Xiongguanlong,https://prehistoria.fandom.com/es/wiki/Xiongguanlong
Xixianykus,https://prehistoria.fandom.com/es/wiki/Xixianykus
Xixiasaurus,https://prehistoria.fandom.com/es/wiki/Xixiasaurus
Xiyunykus,https://prehistoria.fandom.com/es/wiki/Xiyunykus
Xuanhanosaurus,https://prehistoria.fandom.com/es/wiki/Xuanhanosaurus
Yamaceratops,https://prehistoria.fandom.com/es/wiki/Yamaceratops
Yamanasaurus,https://prehistoria.fandom.com/es/wiki/Yamanasaurus
Yamatosaurus,https://prehistoria.fandom.com/es/wiki/Yamatosaurus
Yangchuanosaurus,https://prehistoria.fandom.com/es/wiki/Yangchuanosaurus
Yaverlandia,https://prehistoria.fandom.com/es/wiki/Yaverlandia
Yehuecauhceratops,https://prehistoria.fandom.com/es/wiki/Yehuecauhceratops
Yi qi,https://prehistoria.fandom.com/es/wiki/Yi_qi
Yimenosaurus,https://prehistoria.fandom.com/es/wiki/Yimenosaurus
Yingshanosaurus,https://prehistoria.fandom.com/es/wiki/Yingshanosaurus
Yinlong,https://prehistoria.fandom.com/es/wiki/Yinlong
Yixianosaurus,https://prehistoria.fandom.com/es/wiki/Yixianosaurus
Yongjinglong,https://prehistoria.fandom.com/es/wiki/Yongjinglong
Yunnanosaurus,https://prehistoria.fandom.com/es/wiki/Yunnanosaurus
Yutyrannus,https://prehistoria.fandom.com/es/wiki/Yutyrannus
Zalmoxes,https://prehistoria.fandom.com/es/wiki/Zalmoxes
Zanabazar,https://prehistoria.fandom.com/es/wiki/Zanabazar
Zapalasaurus,https://prehistoria.fandom.com/es/wiki/Zapalasaurus
Zby,https://prehistoria.fandom.com/es/wiki/Zby
Zephyrosaurus,https://prehistoria.fandom.com/es/wiki/Zephyrosaurus
Zhenyuanlong suni,https://prehistoria.fandom.com/es/wiki/Zhenyuanlong_suni
Zhongjianosaurus,https://prehistoria.fandom.com/es/wiki/Zhongjianosaurus
Zhuchengosaurus,https://prehistoria.fandom.com/es/wiki/Zhuchengosaurus
Zhuchengtyrannus,https://prehistoria.fandom.com/es/wiki/Zhuchengtyrannus
Ziapelta,https://prehistoria.fandom.com/es/wiki/Ziapelta
Zuniceratops,https://prehistoria.fandom.com/es/wiki/Zuniceratops
Zuolong,https://prehistoria.fandom.com/es/wiki/Zuolong
Zupaysaurus,https://prehistoria.fandom.com/es/wiki/Zupaysaurus
Zuul,https://prehistoria.fandom.com/es/wiki/Zuul
